URI,中文名称,WHO-RA代码,备注,引用次数,是否匹配
i631619121401819136,足三里,ST36,,5253,是
i631619121359876096,合谷,LI4,,4349,是
i631619121473122304,三阴交,SP6,,4221,是
i631619122278428672,风池,GB20,,3419,是
i631619121594757120,百会,GV20,,3220,是
i631619121615728640,内关,PC6,,3015,是
i631619121389236224,阳陵泉,GB34,,2710,是
i631619124136505344,太冲,LR3,,2700,是
i631619121343098880,曲池,LI11,,2447,是
i631619122160988160,肾俞,BL23,,2011,是
i631619121351487488,外关,TE5,,1877,是
i631619121481510912,阿是穴,Ashi,,1738,是
i631619121934495744,委中,BL40,,1714,是
i631619121452150784,血海,SP10,,1679,是
i631619122194542592,关元,CV4,,1622,是
i631619121917718528,环跳,GB30,,1603,是
i631619121330515968,夹脊,EX-B2,,1562,是
i631619124451078144,太溪,KI3,,1517,是
i631619121435373568,阴陵泉,SP9,,1489,是
i631619124618850304,丰隆,ST40,,1432,是
i631619122874019840,地仓,ST4,,1394,是
i631619122458783744,水沟,GV26,,1325,是
i631619121762529280,太阳,EX-HN5,,1320,是
i631619127064129536,气海,CV6,,1314,是
i631619122865631232,颊车,ST6,,1304,是
i631619122450395136,四神聪,EX-HN1,,1252,是
i631619121406013440,肩髃,LI15,,1233,是
i631619129853341696,翳风,TE17,,1207,是
i631619126254628864,中脘,CV12,,1205,是
i631619125914890240,大椎,GV14,,1134,是
i631619122899185664,阳白,GB14,,1064,是
i631619121959661568,昆仑,BL60,,1031,是
i631619122328760320,手三里,LI10,,997,是
i631619121695420416,印堂,EX-HN3,,993,是
i631619123339587584,神门,HT7,,987,是
i631619122618167296,脾俞,BL20,,952,是
i631619125596123136,悬钟,GB39,,934,是
i631619122605584384,天枢,ST25,,909,是
i631619123117289472,下关,ST7,,863,是
i631619134257360896,四白,ST2,,831,是
i631619122026770432,尺泽,LU5,,829,是
i631619132114071552,攒竹,BL2,,820,是
i631619125797449728,肝俞,BL18,,797,是
i631619121884164096,大肠俞,BL25,,783,是
i631619122907574272,迎香,LI20,,759,是
i631619122743996416,风府,GV16,,716,是
i631619125700980736,廉泉,CV23,,695,是
i631619123482193920,后溪,SI3,,686,是
i631619123498971136,极泉,HT1,,670,是
i631619130578956288,神庭,GV24,,665,是
i631619121951272960,承山,BL57,,651,是
i631619121557008384,天柱,BL10,,650,是
i631619121926107136,风市,GB31,,646,是
i631619128272089088,解溪,ST41,,643,是
i631619124002287616,梁丘,ST34,,626,是
i631619128582467584,膈俞,BL17,,589,是
i631619122202931200,中极,CV3,,551,是
i631619121909329920,秩边,BL54,,542,是
i631619123985510400,犊鼻,ST35,,519,是
i631619127290621952,照海,KI6,,514,是
i631619124530769920,颧髎,SI18,,513,是
i631619123784183808,肩贞,SI9,,511,是
i631619122286817280,肩井,GB21,,493,是
i631619128880263168,腰阳关,GV3,,486,是
i631619126808276992,心俞,BL15,,483,是
i631619123645771776,肩髎,TE14,,482,是
i631619121548619776,完骨,GB12,,481,是
i631619126980243456,命门,GV4,,475,是
i631619127890407424,承浆,CV24,,474,是
i631619132231512064,上巨虚,ST37,,471,是
i631619127928156160,列缺,LU7,,464,是
i631619126892163072,膻中,CV17,,427,是
i631619124685959168,内庭,ST44,,421,是
i631619121586368512,头维,ST8,,412,是
i631619125147332608,太冲穴,LR3,,409,是
i631619129278722048,丘墟,GB40,,403,是
i631619123977121792,内膝眼,EX-LE4,,400,是
i631619126711808000,行间,LR2,,392,是
i631619123910012928,臂臑,LI14,,390,是
i631619124761456640,肺俞,BL13,,372,是
i631619122307788800,天宗,SI11,,364,是
i631619124149088256,中渚,TE3,,363,是
i631619123415085056,足三里穴,ST36,,362,是
i631619129907867648,申脉,BL62,,358,是
i631619129836564480,丝竹空,TE23,,341,是
i631619128301449216,承扶,BL36,,336,是
i631619127911378944,牵正,QIAN-ZHENG,,335,是
i631619122697859072,率谷,GB8,,326,是
i631619134232195072,鱼腰,EX-HN4,,326,是
i631619125734535168,玉液,EX-HN13,,324,是
i631619125726146560,金津,EX-HN12,,320,是
i631619122630750208,胃俞,BL21,,307,是
i631619124052619264,支沟,TE6,,302,是
i631619129442299904,哑门,GV15,,294,是
i631619123004043264,次髎,BL32,,291,是
i631619130365046784,听宫,SI19,,288,是
i631619151370121216,配穴,GENERIC-SUPPLEMENTARY,generic,285,是
i631619129429716992,通里,HT5,,270,是
i631619124249751552,鹤顶,EX-LE2,,269,是
i631619122756579328,子宫,EX-CA1,,263,是
i631619136044134400,睛明,BL1,,262,是
i631619129400356864,上星,GV23,,255,是
i631619135142359040,殷门,BL37,,254,是
i631619123536719872,曲池穴,LI11,,246,是
i631619126409818112,水道,ST28,,241,是
i631619123528331264,肩前,JIAN-QIAN,,239,是
i631619123138260992,听会,GB2,,238,是
i631619121380847616,伏兔,ST32,,236,是
i631619134169280512,本神,GB13,,235,是
i631619134722928640,涌泉,KI1,,227,是
i631619160949911552,太溪穴,KI3,,221,是
i631619126279794688,期门,LR14,,216,是
i631619121372459008,髀关,ST31,,210,是
i631619132948738048,?,Ashi,ashi,205,是
i631619121464733696,曲泉,LR8,,201,是
i631619122064519168,阳池,TE4,,198,是
i631619128863485952,关元俞,BL26,,198,是
i631619124040036352,大陵,PC7,,195,是
i631619125977804800,颈百劳,EX-HN15,,195,是
i631619129001897984,大横,SP15,,194,是
i631619122173571072,膀胱俞,BL28,,191,是
i631619126334320640,脾俞？,BL20,,191,是
i631619211516440576,安眠,AN-MIAN,,189,是
i631619125428350976,地机,SP8,,188,是
i631619124358803456,三阴交穴,SP6,,184,是
i631619153060425728,公孙,SP4,,181,是
i631619122769162240,内生殖器（耳穴）,Ear-Acupoint,auricular,180,是
i631619124904062976,归来,ST29,,176,是
i631619129287110656,足临泣,GB41,,176,是
i631619122710441984,侠溪,GB43,,173,是
i631619126032330752,椎间,ANAT-INTERVERTEBRAL,anatomical,168,是
i631619127215124480,肾俞穴,BL23,,166,是
i631619135893139456,天突,CV22,,165,是
i631619127814909952,上廉泉,UPPER-CV23,,165,是
i631619121850609664,耳门,TE21,,163,是
i631619131111632896,运动区,GS-MS1,,162,是
i631619132986486784,八邪,EX-UE9,,160,是
i631619123540914176,合谷穴,LI4,,158,是
i631619142201372672,大杼,BL11,,156,是
i631619128926400512,下脘,CV10,,156,是
i631619125617094656,膝关,LR7,,155,是
i631619124077785088,阳溪,LI5,,149,是
i631619138145480704,承泣,ST1,,145,是
i631619125608706048,膝阳关,GB33,,142,是
i631619125713563648,人迎,ST9,,142,是
i631619129144504320,曲泽,PC3,,136,是
i631619129236779008,膝眼,EX-LE5,,136,是
i631619138321641472,胆俞,BL19,,132,是
i631619145095442432,下巨虚,ST39,,131,是
i631619129941422080,结核,JIEHU,,131,是
i631619158827593728,风门,BL12,,131,是
i631619124098756608,太渊,LU9,,130,是
i631619123670937600,天井,TE10,,126,是
i631619140792086528,气海俞,BL24,,126,是
i631619125067640832,复溜,KI7,,126,是
i631619123930984448,合谷双侧,,,112,否
i631619125629677568,压痛点,,,111,否
i631619129253556224,太白,SP3,,105,是
i631619141828079616,神阙,CV8,,104,是
i631619128947372032,水分,CV9,,103,是
i631619134248972288,瞳子髎,GB1,,102,是
i631619136077688832,光明,GB37,,102,是
i631619126023942144,脊中,GV6,,102,是
i631619121565396992,肩中俞,SI15,,101,是
i631619151676305408,脑户,GV17,,101,是
i631619141693861888,顶颞前斜线,GS-MS1,,100,是
i631619162812182528,安眠穴,AN-MIAN,,98,是
i631619137914793984,少海,HT3,,97,是
i631619143921037312,至阳,GV9,,95,是
i631619123838709760,肩外俞,SI14,,94,是
i631619148358610944,委阳,BL39,,93,是
i631619161474199552,足运感区,GS-LF1,,93,是
i631619124895674368,带脉,GB26,,92,是
i631619145414209536,滑肉门,ST24,,89,是
i631619122181959680,三焦俞,BL22,,88,是
i631619158974394368,悬钟穴,GB39,,88,是
i631619126040719360,颈椎,ANAT-CERVICAL,anatomical,87,是
i631619170697474048,运动区（焦氏头针）,GS-MS1,,87,是
i631619129115144192,劳宫,PC8,,86,是
i631619156734636032,条口,ST38,,85,是
i631619165769166848,血海穴,SP10,,84,是
i631619160622755840,厥阴俞,BL14,,84,是
i631619137470197760,八风,EX-LE10,,83,是
i631619195716497408,三间,LI3,,83,是
i631619145263214592,养老,SI6,,82,是
i631619124874702848,梁门,ST21,,82,是
i631619138711711744,夹承浆,JIA-CV24,,77,是
i631619124522381312,巨髎,ST3,,77,是
i631619126342709248,章门,LR13,,76,是
i631619179513901056,委中穴,BL40,,76,是
i631619164913528832,心俞？,BL15,,75,是
i631619152276090880,腰眼,EX-B7,,75,是
i631619141706444800,顶中线,GS-MS5,,72,是
i631619136056717312,球后,EX-HN7,,71,是
i631619143614853120,中枢,GV7,,71,是
i631619126158159872,颞Ⅰ针,GS-T1,,71,是
i631619126166548480,颞Ⅱ针,GS-T2,,71,是
i631619126179131392,颞Ⅲ针,GS-T3,,71,是
i631619146697666560,感觉区,GS-SS1,,70,是
i631619129123532800,鱼际,LU10,,70,是
i631619187160117248,神道,GV11,,70,是
i631619124061007872,商丘,SP5,,69,是
i631619133057789952,三阴交双,SP6,,68,是
i631619129010286592,腹结,SP14,,68,是
i631619140175523840,长强,GV1,,67,是
i631619126204297216,双侧足三里,ST36,,67,是
i631619133850513408,会阳,BL35,,66,是
i631619125646454784,太溪双,KI3,,66,是
i631619165827887104,胃脘下俞,EX-B3,,66,是
i631619133003264000,腧穴,GENERIC-ACUPOINT,generic,65,是
i631619124065202176,隐白,SP1,,64,是
i631619121464733700,阴谷,KI10,,64,是
i631619145540038656,扶突,LI18,,64,是
i631619146689277952,感觉区（焦氏头针）,GS-SS1,,64,是
i631619125638066176,痛点,Ashi,ashi,64,是
i631619164728979456,肩髁,LI15,,64,是
i631619179790725120,腕骨,SI4,,64,是
i631619151420452864,少商,LU11,,63,是
i631619159901335552,十宣,EX-UE11,,62,是
i631619123037597696,阳陵泉双,GB34,,60,是
i631619127827492864,廉泉左,CV23,,60,是
i631619127844270080,廉泉右,CV23,,60,是
i631619189756391424,曲骨,CV2,,60,是
i631619125407379456,十七椎,EX-B8,,59,是
i631619139839979520,翳明,EX-HN14,,58,是
i631619145422598144,外陵,ST26,,57,是
i631619129157087232,阳谷,SI5,,57,是
i631619157439279104,顶颞后斜线,GS-SS1,,57,是
i631619194001027072,身柱,GV12,,57,是
i631619123792572416,臑俞,SI10,,56,是
i631619132852269056,间使,PC5,,56,是
i631619137877045248,小海,SI8,,56,是
i631619175759998976,耳尖,EX-HN6,,56,是
i631619175768387584,耳尖（耳穴）,EX-HN6,,56,是
i631619241904173056,肩髃前2寸,,,56,否
i631619241912561664,肩髃后2寸,,,56,否
i631619123662548992,臑会,TE13,,55,是
i631619138728488960,大迎,ST5,,55,是
i631619146987073536,曲鬓,GB7,,55,是
i631619128326615040,飞扬,BL58,,55,是
i631619123515748352,肩髃穴,LI15,,54,是
i631619138044817408,会阴,CV1,,54,是
i631619126720196608,志室,BL52,,54,是
i631619160958300160,巨阙,CV14,,54,是
i631619140162940928,腰俞,GV2,,53,是
i631619129954004992,后溪穴,SI3,,52,是
i631619130570567680,前顶,GV21,,52,是
i631619122538475520,居髎,GB29,,51,是
i631619134303498240,口禾髎,LI19,,51,是
i631619139269554176,上迎香,EX-HN8,,50,是
i631619129555546112,角孙,TE20,,50,是
i631619168537407488,脑空,GB19,,50,是
i631619160161382400,阳陵泉穴,GB34,,50,是
i631619175395094528,足窍阴,GB44,,50,是
i631619178746343424,手五里,LI13,,50,是
i631619137826713600,天泉,PC2,,49,是
i631619141236682752,郄门,PC4,,49,是
i631619145317740544,肩髑,LI15,,49,是
i631619183183917056,上脘,CV13,,49,是
i631619170714251264,言语二区,GS-SL2,,48,是
i631619239932850176,定喘,EX-B1,,48,是
i631619138820763648,红花,HERB-NOT-ACUPOINT,anatomical,47,是
i631619146416648192,八髎穴,BL31-34,,47,是
i631619127785549824,咽后壁,PHARYNX,,47,是
i631619170726834176,言语三区,GS-SL3,,47,是
i631619123247312896,太阳穴,EX-HN5,,46,是
i631619320849362944,玉枕,BL9,,46,是
i631619123821932544,秉风,SI12,,45,是
i631619143702933504,双侧风池,GB20,,45,是
i631619130557984768,后顶,GV19,,45,是
i631619141714833408,顶旁1线,GS-BL1,,44,是
i631619132042768384,人中,GV26,,44,是
i631619171012046848,头临泣,GB15,,44,是
i631619173075644416,顶旁2线,GS-BL2,,44,是
i631619277195046912,平衡区,GS-US1,,44,是
i631619138065788928,双侧内关,PC6,,43,是
i631619150413819904,蠡沟,LR5,,43,是
i631619185536921600,冲阳,ST42,,43,是
i631619173058867200,顶旁2线（头针）,GS-BL2,,43,是
i631619133011652608,膀胱,EAR-BLADDER,generic,42,是
i631619146810912768,筋缩,GV8,,42,是
i631619150879387648,病变椎间盘上,ANAT-DISC,anatomical,42,是
i631619150900359168,下各椎间两侧的夹脊,EX-B2,jiaji,42,是
i631619158764679168,丰隆穴,ST40,,42,是
i631619128871874560,小肠俞,BL27,,41,是
i631619156940156928,液门,TE2,,41,是
i631619152011849728,肩痛穴,JIANTONG,,40,是
i631619152980733952,外金津,EX-HN12,,40,是
i631619157196009472,治呛,ZHIQIANG,,40,是
i631619125956833280,C4夹脊,EX-B2,jiaji,39,是
i631619193866809344,关元穴,CV4,,39,是
i631619121607340032,风池双侧,,,38,否
i631619140905332736,陷谷,ST43,,38,是
i631619147410698240,合谷双,LI4,,38,是
i631619144093003776,背俞穴,GENERIC-BACK-SHU,generic,38,是
i631619169867001856,乳根,ST18,,38,是
i631619160492732416,神门双,HT7,,38,是
i631619189940940800,少泽,SI1,,38,是
i631619130637676544,C~C夹脊,EX-B2,jiaji,37,是
i631619165500731392,椎体,ANAT-VERTEBRA,anatomical,36,是
i631619355594977280,二间,LI2,,36,是
i631619123809349632,曲垣,SI13,,35,是
i631619124090368000,商阳,LI1,,35,是
i631619141224099840,孔最,LU6,,35,是
i631619157422501888,气冲,ST30,,35,是
i631619122047741952,四缝,EX-UE10,,34,是
i631619132936155136,通天,BL7,,34,是
i631619133254922240,皮质下（耳穴）,Ear-Acupoint,auricular,34,是
i631619158592712704,足阳明胃经,MERIDIAN-ST,generic,34,是
i631619161788772352,绝骨,GB39,,34,是
i631619132978098176,大赫,KI12,,33,是
i631619132407672832,京门,GB25,,33,是
i631619199327793152,四强,,,33,否
i631619216088231936,夹廉泉,JIA-CV23,,33,是
i631619146567643136,公孙？,SP4,,32,是
i631619128444055552,吞咽,,,32,否
i631619130604122112,肩胛,,,32,否
i631619209838718976,偏历,LI6,,32,是
i631619133124898816,支沟穴,TE6,,31,是
i631619141215711232,中府,LU1,,31,是
i631619128284672000,阴市,ST33,,31,是
i631619152993316864,外玉液,,,31,否
i631619326339706880,跗阳,BL59,,31,是
i631619382933450752,颈痛穴,,,31,否
i631619137767993344,天府,LU3,,30,是
i631619145959469056,天鼎,LI17,,30,是
i631619143526772736,悬颅,GB5,,30,是
i631619126447566848,耳穴内分泌,Ear-Acupoint,auricular,30,是
i631619163739123712,旁廉泉,,,30,否
i631619231883980800,悬厘,GB6,,30,是
i631619273134960640,交感（耳穴）,Ear-Acupoint,auricular,30,是
i631619407428186112,威灵仙,,,30,否
i631619400436281344,上关,GB3,,30,是
i631619124031647744,厉兑,ST45,,29,是
i631619146580226048,太 冲,,,29,否
i631619144676012032,巨骨,LI16,,29,是
i631619124123922432,阳辅,GB38,,29,是
i631619126061690880,向百会,,,29,否
i631619128544718848,天柱穴,BL10,,29,是
i631619189894803456,中冲,PC9,,29,是
i631619178419187712,合谷健侧,LI4,,29,是
i631619235952455680,晕听区,,,29,否
i631619275945144320,三阴交双侧,,,29,否
i631619315937832960,十二井穴,,,29,否
i631619121888358400,白环俞,BL30,,28,是
i631619123012431872,中髎,BL33,,28,是
i631619134852952064,上髎,BL31,,28,是
i631619137797353472,箕门,SP11,,28,是
i631619129261944832,大敦,LR1,,28,是
i631619131308765184,大巨,ST27,,28,是
i631619447668338688,中院,,,28,否
i631619426726178816,局部夹脊,EX-B2,jiaji,28,是
i631619122337148928,C-C夹脊,EX-B2,jiaji,27,是
i631619138569105408,足三里双,ST36,,27,是
i631619127584223232,至阴,BL67,,27,是
i631619165249073152,颔厌,GB4,,27,是
i631619166259900416,肘髎,LI12,,27,是
i631619239836381184,廉泉穴,CV23,,27,是
i631619137319202816,阿是,Ashi,ashi,26,是
i631619140838223872,腰痛穴,,,26,否
i631619150887776256,中,,,26,否
i631619169841836032,日月,GB24,,26,是
i631619188221276160,风池双,GB20,,26,是
i631619212481130496,中封,LR4,,26,是
i631619349735534592,足太阳,,,26,否
i631619532393279488,合阳,BL55,,26,是
i631619139630264320,外劳宫,EX-UE8,,25,是
i631619125923278848,C～颈夹脊,EX-B2,jiaji,25,是
i631619127374508032,水泉,KI5,,25,是
i631619209180213248,经穴,,,25,否
i631619306207047680,足太阳膀胱经,,,25,否
i631619145909137408,天窗,SI16,,24,是
i631619189907386368,关冲,TE1,,24,是
i631619273122377728,耳穴（耳穴）,Ear-Acupoint,auricular,24,是
i631619576278282240,膏肓,BL43,,24,是
i631619133187813376,神门（耳穴）,HT7,,23,是
i631619135310131200,承筋,BL56,,23,是
i631619143711322112,双侧合谷,LI4,,23,是
i631619130415378432,石门,CV5,,23,是
i631619131732389888,大钟,KI4,,23,是
i631619205547945984,臀痛穴,,,23,否
i631619209868079104,支正,SI7,,23,是
i631619228230742016,印堂穴,EX-HN3,,23,是
i631619349748117504,足少阳,,,23,否
i631619142650163200,内关双侧,,,22,否
i631619126732779520,交信,KI8,,22,是
i631619151965712384,然谷,KI2,,22,是
i631619154742341632,灵台,GV10,,22,是
i631619159184109568,双肾俞,BL23,,22,是
i631619144030089216,外关穴,TE5,,21,是
i631619167253950464,双风池,GB20,,21,是
i631619177727127552,臂中,,,21,否
i631619288158957568,八髎,BL31-34,,21,是
i631619366688911360,二白,EX-UE2,,21,是
i631619128431472640,天容,SI17,,20,是
i631619164762533888,肩峰,,,20,否
i631619153794428928,鸠尾,CV15,,20,是
i631619156743024640,肩顒,,,20,否
i631619189928357888,少冲,HT9,,20,是
i631619193673871360,金门,BL63,,20,是
i631619193879392256,灵骨,,,20,否
i631619210958598144,膝痛穴,,,20,否
i631619714841309184,奇穴,,,20,否
i631619148366999552,外丘,GB36,,19,是
i631619151667916800,强间,GV18,,19,是
i631619209192796160,气穴,KI13,,19,是
i631619212128808960,气旁,,,19,否
i631619219829551104,上明,,,19,否
i631619222711037952,少府,HT8,,19,是
i631619224141295616,膈腧,,,19,否
i631619362209394688,下髎,BL34,,19,是
i631619123683520512,四渎,TE9,,18,是
i631619138841735168,伸筋草,,,18,否
i631619126816665600,神门穴,HT7,,18,是
i631619130620899328,内耳,,,18,否
i631619170542284800,肩前穴,JIAN-QIAN,,18,是
i631619152452251648,气穴双,KI13,,18,是
i631619173839007744,胆囊,EX-LE6,,18,是
i631619183271997440,双侧肾俞,BL23,,18,是
i631619206940454912,膏肓俞,BL43,,18,是
i631619224028049408,双内关,PC6,,18,是
i631619278600138752,合 谷,,,18,否
i631619340159938560,缺盆,ST12,,18,是
i631619352067567616,上巨墟,,,18,否
i631619362784014336,舞蹈震颤控制区（焦氏头针）,,,18,否
i631619121972244480,绝谷,,,17,否
i631619137856073728,足五里,LR10,,17,是
i631619124115533824,束骨,BL65,,17,是
i631619130465710080,阴交,CV7,,17,是
i631619163764289536,聚泉,EX-HN10,,17,是
i631619165546868736,取大椎,,,17,否
i631619167115538432,阳陵穴,,,17,否
i631619198228885504,曲 池,,,17,否
i631619178834423808,阴郄,HT6,,17,是
i631619209356374016,肩醪,,,17,否
i631619321998602240,灵骨（董氏奇穴）,,,17,否
i631619403179356160,建里,CV11,,17,是
i631620315327229952,曲差,BL4,,17,是
i631619133863096320,中膂俞,BL29,,16,是
i631619141148602368,清冷渊,TE11,,16,是
i631619143988146176,肩井穴,GB21,,16,是
i631619126988632064,四满,KI14,,16,是
i631619161927184384,犊鼻穴,ST35,,16,是
i631619169858613248,屋翳,ST15,,16,是
i631619165928550400,防风,,,16,否
i631619161298038784,腰痛点,EX-UE7,,16,是
i631619193891975168,肾关,,,16,否
i631619173084033024,颞前线,,,16,否
i631619175818719232,阳交,GB35,,16,是
i631619215761076224,语言三区,,,16,否
i631619221087842304,大抒,,,16,否
i631619255263031296,阳明经穴,,,16,否
i631619500101332992,百会透太阳,,,16,否
i631619712903540736,头窍阴,GB11,,16,是
i631619190884659200,病灶侧运动区,,,15,否
i631619174371684352,言语一区,,,15,否
i631619377401163776,额中线,,,15,否
i631619531608944640,病变相应神经节段及上下各一节段夹脊,EX-B2,jiaji,15,是
i631619650836230144,腰奇,EX-B9,,15,是
i631619133296865280,耳针神门,,,14,否
i631619139135336448,横骨,KI11,,14,是
i631619141173768192,三阳络,TE8,,14,是
i631619163688792064,中平穴,,,14,否
i631619164741562368,条口透承山,,,14,否
i631619154679427072,太冲双侧,,,14,否
i631619161696497664,语言一区,,,14,否
i631619194781167616,井穴,,,14,否
i631619201064235008,颈～夹脊,EX-B2,jiaji,14,是
i631619215769464832,语言二区,,,14,否
i631619254545805312,偏瘫穴,,,14,否
i631619284174368768,肩腧,,,14,否
i631619325328879616,颈椎夹脊,EX-B2,jiaji,14,是
i631619327014989824,C-颈夹脊,EX-B2,jiaji,14,是
i631619512222871552,血管舒缩区,,,14,否
i631620046145187840,三阴,,,14,否
i631619884152778752,膈俞穴双侧,,,14,否
i631620168040050688,肝俞双,BL18,,14,是
i631621958512930816,承泣@,,,14,否
i631619141257654272,阴包,LR9,,13,是
i631619173109198848,顶颞前后斜线,,,13,否
i631619177492246528,中都,LR6,,13,是
i631619179803308032,京骨,BL64,,13,是
i631619228096524288,舞蹈震颤控制区,,,13,否
i631619234153099264,外耳,,,13,否
i631619222434213888,环中,,,13,否
i631619250854817792,太阳双,EX-HN5,,13,是
i631619344429740032,温溜,LI7,,13,是
i631619351971098624,阑尾,EX-LE7,,13,是
i631619353485242368,双 肾俞,BL23,,13,是
i631619465930338304,维道,GB28,,13,是
i631619500608843776,下极泉,,,13,否
i631619551976484864,双侧天柱,BL10,,13,是
i631619132994875392,中注,KI15,,12,是
i631619138829152256,透骨草,,,12,否
i631619141182156800,消泺,TE12,,12,是
i631619126460149760,中极？,CV3,,12,是
i631619165521702912,冈上肌,,,12,否
i631619167853735936,大肠经,,,12,否
i631619154780090368,悬枢,GV5,,12,是
i631619159515459584,C-夹脊,EX-B2,jiaji,12,是
i631619237508542464,耳穴交感,Ear-Acupoint,auricular,12,是
i631619256747814912,天池,PC1,,12,是
i631619246765371392,腰部华佗夹脊,EX-B2,jiaji,12,是
i631619308388085760,病灶下夹脊,EX-B2,jiaji,12,是
i631619367783624704,鸡血藤,,,12,否
i631619445529243648,头维穴,ST8,,12,是
i631619414025826304,健侧运动区,GS-MS1,,12,是
i631619604006825984,C~夹脊,EX-B2,jiaji,12,是
i631620095860273152,双足临泣,GB41,,12,是
i631620024250920960,心俞双,BL15,,12,是
i631619144038477824,天宗穴,SI11,,11,是
i631619154893336576,神堂,BL44,,11,是
i631619157992927232,太乙,ST23,,11,是
i631619199365541888,康复,,,11,否
i631619199378124800,瘫康,,,11,否
i631619177156702208,断面九针穴,,,11,否
i631619178045894656,枕下旁线,,,11,否
i631619232047558656,率谷穴,GB8,,11,是
i631619291082387456,膀胱经穴,,,11,否
i631619331951685632,中渎,GB32,,11,是
i631619335248408576,双外关,TE5,,11,是
i631619371495583744,秩边穴,BL54,,11,是
i631620106174066688,阳性反应点,,,11,否
i631620131893538816,脾 俞,,,11,否
i631619122093879296,大都,SP2,,10,是
i631619138812375040,艾叶,,,10,否
i631619150967468032,内廷,,,10,否
i631619151131045888,顶区（头针）,,,10,否
i631619163583934464,头痛穴,,,10,否
i631619168675819520,头穴运动区,,,10,否
i631619175869050880,地仓穴,ST4,,10,是
i631619235184898048,局部穴位夹脊,EX-B2,jiaji,10,是
i631619259444752384,足三里双侧,,,10,否
i631619322023768064,大白（董氏奇穴）,,,10,否
i631619322036350976,肩中,,,10,否
i631619374943301632,水突,ST10,,10,是
i631619434988957696,风池穴,GB20,,10,是
i631619506061438976,五泉穴,,,10,否
i631619542522523648,仆参,BL61,,10,是
i631620046203908096,足阳明,,,10,否
i631619791538352128,八脉交会,,,10,否
i631619143996534784,冈下肌,,,9,否
i631619202821648384,大肠（耳穴）,Ear-Acupoint,auricular,9,是
i631619173092421632,颞后线,,,9,否
i631619175848079360,四中穴,,,9,否
i631619253795024896,耳穴肝,Ear-Acupoint,auricular,9,是
i631619254470307840,阴维,,,9,否
i631619261596430336,扳机点,,,9,否
i631619269464944640,敏感点,,,9,否
i631619288133791744,大包,SP21,,9,是
i631619288175734784,五枢,GB27,,9,是
i631619350897356800,神阙穴,CV8,,9,是
i631620985560231936,腰夹脊~,EX-B2,jiaji,9,是
i631620870384644096,头三神,,,9,否
i631620048657575936,解语,,,9,否
i631619891232763904,府舍,SP13,,9,是
i631620087333253120,踝痛穴,,,9,否
i631619767848923136,中平,,,9,否
i631620001366798336,头部晕听区,,,9,否
i631619133196201984,耳穴胃,Ear-Acupoint,auricular,8,是
i631619141022773248,山根,,,8,否
i631619145938497536,天牖,TE16,,8,是
i631619142658551808,双合谷,LI4,,8,是
i631619157145677824,胸锁乳突肌,,,8,否
i631619158525603840,内外膝眼穴,,,8,否
i631619193988444160,陶道,GV13,,8,是
i631619182982590464,胞肓,BL53,,8,是
i631619206969815040,魄户,BL42,,8,是
i631619229103157248,商曲,KI17,,8,是
i631619220806823936,在阿是,Ashi,ashi,8,是
i631619222350327808,L-L夹脊,EX-B2,jiaji,8,是
i631619254436753408,手少阳,,,8,否
i631619239848964096,翳风穴,TE17,,8,是
i631619242050973696,肾穴,,,8,否
i631619250867400704,安眠双,AN-MIAN,,8,是
i631619306051858432,筑宾,KI9,,8,是
i631619342894624768,三阴穴,,,8,否
i631619348208807936,腹通谷,KI20,,8,是
i631619351643942912,上廉,LI9,,8,是
i631619371944374272,肩后,,,8,否
i631619373915697152,青灵,HT2,,8,是
i631619465770954752,囟会,GV22,,8,是
i631619471986913280,阳穴,,,8,否
i631619472783831040,脑部运动区,,,8,否
i631619545462730752,上,,,8,否
i631619554564370432,顶颞前线,,,8,否
i631619535752916992,舌尖,,,8,否
i631619609803354112,八邪穴,EX-UE9,,8,是
i631619690191384576,颈部压痛点,,,8,否
i631620241150963712,任三针,,,8,否
i631620241167740928,督三针,,,8,否
i631620047650942976,髌下,,,8,否
i631620084351102976,耳穴心,Ear-Acupoint,auricular,8,是
i631620156690264064,腰宜,EX-B6,,8,是
i631619805597659136,漏谷,SP7,,8,是
i631620400337383424,髀枢,,,8,否
i631620033184788480,胫骨内髁,,,8,否
i631619138363584512,病灶上夹脊,EX-B2,jiaji,7,是
i631619165311987712,颈椎病穴,,,7,否
i631619168570961920,头区语言二区,,,7,否
i631619188489711616,腰突穴,,,7,否
i631619236694847488,腘窝,,,7,否
i631619229111545856,落枕穴,,,7,否
i631619213965914112,肩外陵,,,7,否
i631619215794630656,顶颞前斜线运动区,,,7,否
i631619220790046720,皮损部位,,,7,否
i631619254394810368,通里穴,HT5,,7,是
i631619259427975168,双侧天枢,ST25,,7,是
i631619264792489984,双侧运动区,GS-MS1,,7,是
i631619272862330880,利尿,,,7,否
i631619266197581824,曲池透少海,,,7,否
i631619239379202048,下睛明,,,7,否
i631619302801272832,舌中穴,,,7,否
i631619306240602112,足少阳胆经,MERIDIAN-GB,generic,7,是
i631619288192512000,脾经,,,7,否
i631619358086393856,眉弓,,,7,否
i631619358300303360,耳针肾,,,7,否
i631619321084243968,双天冲,GB9,,7,是
i631619325911887872,上睛明,,,7,否
i631619327728021504,合穴,,,7,否
i631619376625217536,内麻点,,,7,否
i631619381440278528,豁风,,,7,否
i631619453922045952,下风湿点,,,7,否
i631619415900680192,阳关穴,,,7,否
i631619463308898304,泉中,,,7,否
i631619558041448448,C-C颈夹脊,EX-B2,jiaji,7,是
i631619575061934080,五脏俞,,,7,否
i631619714824531968,足三阳,,,7,否
i631621169253969920,神庭透上星,,,7,否
i631621493700161536,脑静,,,7,否
i631620739140677632,神道穴,GV11,,7,是
i631620628608184320,丘墟双,GB40,,7,是
i631619869862785024,正营,GB17,,7,是
i631619881002856448,足运动感区,,,7,否
i631620084376268800,耳穴肾,Ear-Acupoint,auricular,7,是
i631619846303379456,玉液穴,EX-HN13,,7,是
i631620033209954304,胫骨外髁,,,7,否
i631622058144428032,心平,,,7,否
i631619133305253888,耳穴子宫,Ear-Acupoint,auricular,6,是
i631619146328567808,地仓透颊车,,,6,否
i631619148576714752,龙眼,,,6,否
i631619152003461120,升提穴,,,6,否
i631619152439668736,大赫双,KI12,,6,是
i631619152460640256,子宫双,EX-CA1,,6,是
i631619152473223168,地机双,SP8,,6,是
i631619186354810880,地五会,GB42,,6,是
i631619189362126848,冲门,SP12,,6,是
i631619193787117568,上三黄,,,6,否
i631619194835693568,海泉,EX-HN11,,6,是
i631619195477422080,目,,,6,否
i631619183527849984,反阿是,Ashi,ashi,6,是
i631619228117495808,神门 双,HT7,,6,是
i631619229124128768,阴都,KI19,,6,是
i631619229270929408,穴风,,,6,否
i631619223159828480,双膝眼,EX-LE5,,6,是
i631619252566093824,腰-夹脊,EX-B2,jiaji,6,是
i631619253065216000,定神1针,,,6,否
i631619253073604608,定神2针,,,6,否
i631619253090381824,定神3针,,,6,否
i631619253807607808,耳穴脾,Ear-Acupoint,auricular,6,是
i631619257905442816,肓俞,KI16,,6,是
i631619259205677056,涌泉？,KI1,,6,是
i631619280273666048,双侧大肠俞,BL25,,6,是
i631619309302444032,双侧水道,ST28,,6,是
i631619341489532928,L—夹脊,EX-B2,jiaji,6,是
i631619344538791936,会宗,TE7,,6,是
i631619345159548928,哑门穴,GV15,,6,是
i631619353464270848,太阳经穴,,,6,否
i631619355154575360,肩外腧双,,,6,否
i631619329707732992,梗死部位的头部投影区,,,6,否
i631619334048837632,双本神,GB13,,6,是
i631619334065614848,双侧神门,HT7,,6,是
i631619368161112064,止痢,,,6,否
i631619370983878656,颈~夹脊,EX-B2,jiaji,6,是
i631619378110001152,明目穴,,,6,否
i631619378122584064,牙痛穴,,,6,否
i631619381427695616,颧骼,,,6,否
i631619431159558144,L-L华佗夹脊,EX-B2,jiaji,6,是
i631619445491494912,枕骨,,,6,否
i631619448003883008,四白穴,ST2,,6,是
i631619465984864256,悬灸,,,6,否
i631619492371230720,四神聪透百会,,,6,否
i631619585866461184,胫上,,,6,否
i631619651415044096,石关,KI18,,6,是
i631619614215761920,双侧曲池,LI11,,6,是
i631619715671781376,四关,,,6,否
i631619738849505280,靳三针,,,6,否
i631619683883151360,膝髎,,,6,否
i631621493784047616,三间穴,LI3,,6,是
i631620628583018496,角孙双,TE20,,6,是
i631619863562940416,浮白,GB10,,6,是
i631619863701352448,颅息,TE19,,6,是
i631620047504142336,鹤顶次,,,6,否
i631620469765697536,前额部,,,6,否
i631620062729465856,腹痛穴,,,6,否
i631619892642050048,督俞,BL16,,6,是
i631619750367064064,肾区（眼针）,,,6,否
i631619753831559168,腰-骶夹脊,EX-B2,jiaji,6,是
i631619929392541696,肩髎穴,TE14,,6,是
i631619934299877376,攒竹透眉冲,,,6,否
i631620171877838848,双侧C－C夹脊,EX-B2,jiaji,6,是
i631619816830005248,痔疮穴,,,6,否
i631619834051817472,居留,,,6,否
i631619845565181952,对侧感觉区,,,6,否
i631620033302228992,委中次,,,6,否
i631619133032624128,气海穴,CV6,,5,是
i631619138803986432,阳陵泉等穴,,,5,否
i631619140968247296,颈夹脊颈~,EX-B2,jiaji,5,是
i631619146940936192,腰椎间盘突出椎节相应的夹脊,EX-B2,jiaji,5,是
i631619144248193024,承浆透地仓,,,5,否
i631619167245561856,头部平衡区双,,,5,否
i631619167262339072,供血双,,,5,否
i631619154910113792,魂门,BL47,,5,是
i631619155195326464,廉泉旁,,,5,否
i631619188233859072,天柱双,BL10,,5,是
i631619188640706560,上八邪,,,5,否
i631619196031070208,八卦,,,5,否
i631619196039458816,主穴取中脘,,,5,否
i631619203526291456,额三针,,,5,否
i631619182995173376,臀中,,,5,否
i631619230537609216,手 三里,,,5,否
i631619230671826944,肩三针,,,5,否
i631619210564333568,下关穴,ST7,,5,是
i631619218978107392,C~C颈夹脊,EX-B2,jiaji,5,是
i631619254482890752,阳维,,,5,否
i631619255854428160,减肥穴,,,5,否
i631619272874913792,双足三里,ST36,,5,是
i631619273168515072,去百会,,,5,否
i631619273197875200,四神聪透刺百会,,,5,否
i631619266189193216,肩髃透臂臑,,,5,否
i631619268538003456,本神智三针,,,5,否
i631619244211040256,次髂,,,5,否
i631619246148808704,腰～夹脊,EX-B2,jiaji,5,是
i631619276242939904,胃痛穴,,,5,否
i631619302214070272,灵道,HT4,,5,是
i631619312217485312,地仓透颊 车,,,5,否
i631619308622966784,开音号穴,,,5,否
i631619280944754688,颈椎及胸椎椎间穴,,,5,否
i631619280957337600,腰椎~节的夹脊,EX-B2,jiaji,5,是
i631619280969920512,腰椎及骶椎关节椎间穴,,,5,否
i631619285382328320,局部痛点,,,5,否
i631619296098775040,膝下穴,,,5,否
i631619340986216448,阴廉,LR11,,5,是
i631619349307715584,颈部华佗夹脊,EX-B2,jiaji,5,是
i631619349530013696,椎间穴,,,5,否
i631619371915014144,肘尖,EX-UE1,,5,是
i631619408074108928,足三里健侧,ST36,,5,是
i631619408086691840,三阴交健侧,SP6,,5,是
i631619376084152320,对侧运动区下/,,,5,否
i631619382010703872,阴陵泉穴双侧,,,5,否
i631619382358831104,外关双侧,,,5,否
i631619447634784256,双血海,SP10,,5,是
i631619463753494528,纠内翻昆仑上寸,,,5,否
i631619469113815040,百 会,,,5,否
i631619478639079424,L~L夹脊,EX-B2,jiaji,5,是
i631619486683754496,相应部位夹脊,EX-B2,jiaji,5,是
i631619553083781120,下合穴,,,5,否
i631619560277012480,双侧太冲,LR3,,5,是
i631619568627871744,华佗夹脊穴,EX-B2,,5,是
i631619578853584896,素髎,GV25,,5,是
i631619534301687808,腰~夹脊,EX-B2,jiaji,5,是
i631619535492870144,三阴交位,,,5,否
i631619637880025088,中极穴,CV3,,5,是
i631619663473668096,顶斜线,,,5,否
i631619644859346944,左右神聪,,,5,否
i631619649678602240,络却,BL8,,5,是
i631619655168946176,华佗夹脊L~,EX-B2,jiaji,5,是
i631619621165723648,天冲,GB9,,5,是
i631619700329017344,风池次,,,5,否
i631619709309022208,膀胱经上天柱穴直下寸,,,5,否
i631619709329993728,膀胱经上天柱穴直下各寸,,,5,否
i631619736127401984,丘墟透照海,,,5,否
i631619669739958272,额区（头针）,,,5,否
i631620912105385984,平衡腰痛穴,,,5,否
i631620727224659968,腋缝,,,5,否
i631620748141654016,阿胖穴,,,5,否
i631620577957769216,遗尿点,,,5,否
i631621052832673792,枕上旁线,,,5,否
i631620834758225920,T～T夹脊,EX-B2,jiaji,5,是
i631619885515927552,颈痛,,,5,否
i631619901403951104,大肠俞穴,BL25,,5,是
i631619905631809536,梗死病灶侧瘫痪肢体对侧顶中线,,,5,否
i631620095839301632,双太冲,LR3,,5,是
i631620302438133760,承灵,GB18,,5,是
i631619743995916288,神门双侧,,,5,否
i631619964335288320,取百会,,,5,否
i631619831078055936,禾髎,,,5,否
i631620003216486400,和髎,,,5,否
i631620033335783424,委阳次,,,5,否
i631622527893893120,三里,,,5,否
i631622671573970944,五处,BL5,,5,是
i631622474462654464,髎中,,,5,否
i631619122785939456,双侧三阴交,SP6,,4,是
i631619145451958272,上风湿点,,,4,否
i631619145925914624,天髎,TE15,,4,是
i631619147922403328,耳根,,,4,否
i631619128624410624,足阳明经穴,,,4,否
i631619150204104704,腰大肌的起点,,,4,否
i631619172408750080,顶额前斜线,,,4,否
i631619195812966400,手三里穴,LI10,,4,是
i631619205896073216,额旁线,,,4,否
i631619199717863424,抬肩,,,4,否
i631619175856467968,颞穴,,,4,否
i631619175877439488,头颞穴,,,4,否
i631619229451284480,顶颞前斜线MS,,,4,否
i631619229635833856,舌根,,,4,否
i631619213806530560,气舍,ST11,,4,是
i631619213957525504,肩内陵,,,4,否
i631619215320674304,云门,LU2,,4,是
i631619215484252160,单侧后溪,,,4,否
i631619215782047744,运动区下/,,,4,否
i631619220097986560,正筋,,,4,否
i631619220106375168,正宗,,,4,否
i631619251358134272,大肠俞双侧,,,4,否
i631619253711138816,L～L夹脊,EX-B2,jiaji,4,是
i631619253849550848,耳穴三焦,Ear-Acupoint,auricular,4,是
i631619254407393280,手太阳,,,4,否
i631619255120424960,耳穴皮质下,Ear-Acupoint,auricular,4,是
i631619255246254080,极泉穴,HT1,,4,是
i631619256068337664,足外翻经筋结点,,,4,否
i631619256080920576,屈踝经筋结点,,,4,否
i631619261575458816,侧三里,,,4,否
i631619261583847424,侧下三里,,,4,否
i631619264284979200,颈到夹脊,EX-B2,jiaji,4,是
i631619265295806464,乳腺穴,,,4,否
i631619268709969920,肾腧,,,4,否
i631619240398417920,脑点,,,4,否
i631619242357157888,颈外夹脊,EX-B2,jiaji,4,是
i631619306228019200,足太阴脾经,,,4,否
i631619316764110848,发音,,,4,否
i631619308723630080,夹脊T~L,EX-B2,jiaji,4,是
i631619287097798656,穴百会,,,4,否
i631619292323901440,幽门,KI21,,4,是
i631619299965923328,肾阳关,,,4,否
i631619338570297344,第二掌骨侧远心端的头穴,,,4,否
i631619338582880256,桡尺骨段远心端桡侧的头穴,,,4,否
i631619319704317952,止泻,,,4,否
i631619370392481792,经渠,LU8,,4,是
i631619371764019200,天溪,SP18,,4,是
i631619397055672320,横骨穴,KI11,,4,是
i631619378135166976,咽痛穴,,,4,否
i631619409433063424,八风穴,EX-LE10,,4,是
i631619415724519424,运用区,,,4,否
i631619462642003968,阳关,,,4,否
i631619507919515648,百虫窝,EX-LE3,,4,是
i631619473299730432,承山穴,BL57,,4,是
i631619476453847040,目窗,GB16,,4,是
i631619555520671744,肘痛穴,,,4,否
i631619560314761216,膈俞穴,BL17,,4,是
i631619588114608128,肾（耳穴）,Ear-Acupoint,auricular,4,是
i631619570913767424,足少阴,,,4,否
i631619661535899648,梁丘穴,ST34,,4,是
i631619648109932544,阴郗,,,4,否
i631619731031322624,左水道,ST28,,4,是
i631619695757225984,天髎次,,,4,否
i631621375852802048,前谷,SI2,,4,是
i631620733558059008,-颈椎椎旁夹脊,EX-B2,jiaji,4,是
i631620743280455680,瘈脉,TE18,,4,是
i631620969143726080,大俞,,,4,否
i631620769419358208,肝腧,,,4,否
i631620769440329728,心腧,,,4,否
i631621029730447360,肾俞双,BL23,,4,是
i631620576636563456,下焦区（眼针）,,,4,否
i631621073162465280,胃（耳穴）,Ear-Acupoint,auricular,4,是
i631621327706386432,攒竹双侧,,,4,否
i631620866672685056,腑巢二十三穴,,,4,否
i631620866697850880,火串,,,4,否
i631620866723016704,背通,,,4,否
i631620866748182528,四花下,,,4,否
i631620866773348352,腑肠,,,4,否
i631619858827571200,头针,,,4,否
i631619861025386496,天突穴,CV22,,4,是
i631620054944837632,偏瘫对侧运动区,,,4,否
i631620054965809152,偏瘫对侧感觉区,,,4,否
i631619881019633664,病灶区,,,4,否
i631619902683213824,疱疹局部,,,4,否
i631619905652781056,梗死病灶侧瘫痪肢体对侧顶颞后斜线上/,,,4,否
i631619905669558272,梗死病灶侧瘫痪肢体对侧顶旁一线,,,4,否
i631620091410116608,照海穴,KI6,,4,是
i631619750346092544,肝区（眼针）,,,4,否
i631619750383841280,脾区（眼针）,,,4,否
i631619750404812800,脾区,,,4,否
i631619914087526400,四百,,,4,否
i631619931770712064,膺窗,ST16,,4,是
i631619941572800512,足少阳经穴,,,4,否
i631620329013243904,生发穴,,,4,否
i631620333887025152,双侧血海,SP10,,4,是
i631620350169313280,断面九针,,,4,否
i631619784240263168,双侧头皮运动区上点,,,4,否
i631619955120402432,妇科穴,,,4,否
i631619981905227776,浮兔,,,4,否
i631620381081333760,腰痛点穴,EX-UE7,,4,是
i631620183772884992,侠白,LU4,,4,是
i631620033021210624,阴陵上,,,4,否
i631620033075736576,膝关次,,,4,否
i631620033100902400,曲泉次,,,4,否
i631620033163816960,髌内下,,,4,否
i631622942135939072,肾四针,,,4,否
i631623379039809536,中柱,,,4,否
i631622532478267392,风池百会,,,4,否
i631622029178564608,枕上正中线,,,4,否
i631622329260044288,天井穴,TE10,,4,是
i631622759226535936,下肢运动点,,,4,否
i631622759268478976,上肢运动点,,,4,否
i631622162578403328,颌骨后缘,,,4,否
i631621802115723264,颈晕穴,,,4,否
i631622493295079424,颗三针,,,4,否
i631619132961320960,神封,KI23,,3,是
i631619133041012736,膈关,BL46,,3,是
i631619146102075392,胃管下俞,,,3,否
i631619146752192512,两侧运动区,,,3,否
i631619126049107968,玉液点,,,3,否
i631619128465027072,治返流,,,3,否
i631619129450688512,语言二三区,,,3,否
i631619148731904000,腰椎病变节段及上,,,3,否
i631619148740292608,下各一节段的双侧夹脊,EX-B2,jiaji,3,是
i631619150191521792,竖脊肌的起点,,,3,否
i631619150212493312,梨状肌的止点,,,3,否
i631619150225076224,臀大肌的起点,,,3,否
i631619150241853440,阔筋膜张肌的起点,,,3,否
i631619150254436352,臀中肌的起点,,,3,否
i631619150267019264,臀小肌起点,,,3,否
i631619165836275712,璇玑,CV21,,3,是
i631619152322228224,颈双侧夹脊,EX-B2,jiaji,3,是
i631619153395970048,关门,ST22,,3,是
i631619158961811456,病灶同侧头皮的垂直投射区,,,3,否
i631619161612611584,双侧平衡区,GS-US1,,3,是
i631619191828377600,颈旁反应点,,,3,否
i631619193728397312,木穴,,,3,否
i631619193740980224,镇静穴,,,3,否
i631619193770340352,耳针心,,,3,否
i631619193778728960,耳穴肺,Ear-Acupoint,auricular,3,是
i631619205904461824,额旁二线,,,3,否
i631619176938598400,四神,,,3,否
i631619179648118784,开音穴,,,3,否
i631619182705766400,舌三针,,,3,否
i631619237382713344,左右旁廉泉,,,3,否
i631619210971181056,踝痛,,,3,否
i631619211206062080,腰部夹脊穴,EX-B2,jiaji,3,是
i631619222081892352,脑清,,,3,否
i631619253774053376,耳穴大肠,Ear-Acupoint,auricular,3,是
i631619253874716672,耳穴耳中,Ear-Acupoint,auricular,3,是
i631619254424170496,养老穴,SI6,,3,是
i631619256051560448,屈膝经筋结点,,,3,否
i631619256127057920,屈髋经筋结点,,,3,否
i631619258014494720,百会@@,,,3,否
i631619264893153280,上天柱,,,3,否
i631619274238062592,颈夹脊穴,EX-B2,jiaji,3,是
i631619266210164736,太冲透涌泉,,,3,否
i631619242063556608,腰穴,,,3,否
i631619245251227648,坵墟,,,3,否
i631619301647839232,腰椎棘突旁压痛点,,,3,否
i631619305464655872,腘穴,,,3,否
i631619306248990720,足少阴肾经,,,3,否
i631619316130770944,太阳透下关,,,3,否
i631619316151742464,牵正透地仓,,,3,否
i631619306953633792,下廉,LI8,,3,是
i631619310510403584,耳穴面颊区,Ear-Acupoint,auricular,3,是
i631619285931782144,腓肠肌,,,3,否
i631619340176715776,解痉穴,,,3,否
i631619352252116992,T-T夹脊,EX-B2,jiaji,3,是
i631619361504751616,舌下少阴,,,3,否
i631619358312886272,耳针腰骶椎,,,3,否
i631619322971680768,第,,,3,否
i631619327447003136,颊车透颧髎,,,3,否
i631619389795332096,剑突,,,3,否
i631619395302453248,T夹脊,EX-B2,jiaji,3,是
i631619372091174912,脏腑总穴,,,3,否
i631619372103757824,大肠穴,,,3,否
i631619375626973184,提托,,,3,否
i631619378252607488,降压穴,,,3,否
i631619378462322688,对侧感觉区上/,,,3,否
i631619378479099904,对侧感觉区中/,,,3,否
i631619385718468608,股二头肌运动点,,,3,否
i631619387232612352,库房,ST14,,3,是
i631619443138490368,上焦区（眼针）,,,3,否
i631619447622201344,双脾俞,BL20,,3,是
i631619459739545600,头面部,,,3,否
i631619454861570048,枕,,,3,否
i631619412683649024,上印堂,,,3,否
i631619415883902976,肾腧穴,,,3,否
i631619426055090176,颈臂,,,3,否
i631619427346935808,督脉十三针,,,3,否
i631619462327431168,合关,,,3,否
i631619467742277632,病变节段督脉经穴,,,3,否
i631619514395521024,迎香透四白,,,3,否
i631619472796413952,运感区,,,3,否
i631619473085820928,头部语言区,,,3,否
i631619483122790400,双侧人迎,ST9,,3,是
i631619485073141760,利咽,,,3,否
i631619545483702272,下区,,,3,否
i631619563523403776,威灵,,,3,否
i631619563972194304,臂髃,,,3,否
i631619568573345792,提胛穴风池下寸,,,3,否
i631619578606120960,疱疹中心,,,3,否
i631619579071688704,颈,,,3,否
i631619544703561728,鼻炎穴,,,3,否
i631619662408314880,肝穴,,,3,否
i631619666019610624,大柱,,,3,否
i631619617042722816,风池双侧颈~,,,3,否
i631619721128570880,顶颞前斜线下/,,,3,否
i631619725318680576,内大迎,,,3,否
i631619731069071360,左外水道,,,3,否
i631619731094237184,左外归来,,,3,否
i631619673653243904,肩髁穴,LI15,,3,是
i631621381825490944,伏免,,,3,否
i631620894946488320,关内,,,3,否
i631620679287959552,C～夹脊,EX-B2,jiaji,3,是
i631621458447036416,足三重,,,3,否
i631620692604874752,环跳患侧,GB30,,3,是
i631621168759042048,脾穴,,,3,否
i631621177843904512,四穴,,,3,否
i631620713995825152,六腑,,,3,否
i631620951808667648,大杼穴,BL11,,3,是
i631620503999606784,肩髂,,,3,否
i631620516200837120,眉冲,BL3,,3,是
i631620516226002944,承光,BL6,,3,是
i631621230415310848,"太
冲",,,3,否
i631621233028362240,肩骨禺,,,3,否
i631621018728787968,颧髂,,,3,否
i631621270076649472,于氏头针颞区,,,3,否
i631620560572379136,下腹穴,,,3,否
i631621054665584640,蝶腭神经节,,,3,否
i631621291442434048,弓形切迹,,,3,否
i631620233362141184,脊穴,,,3,否
i631620046698835968,成骨次,,,3,否
i631620046744973312,腓骨小头,,,3,否
i631620047541891072,髌外,,,3,否
i631620062670745600,胸痛穴,,,3,否
i631620076939767808,脐中四边,,,3,否
i631620279746949120,肩颈,,,3,否
i631619899768172544,重子,,,3,否
i631619904423849984,梗死病灶侧顶颞后,,,3,否
i631619904449015808,梗死病灶侧顶颞前,,,3,否
i631619904469987328,梗死病灶侧顶旁,,,3,否
i631619904490958848,梗死病灶侧顶部,,,3,否
i631619905690529792,梗死病灶侧瘫痪肢体对侧顶颞前斜线上/,,,3,否
i631620085580034048,经验穴,,,3,否
i631620090768388096,擅中穴,,,3,否
i631619743484211200,阳白穴,GB14,,3,是
i631619749133938688,阳白透鱼腰,,,3,否
i631619918302801920,下三皇,,,3,否
i631620106123735040,足太阴,,,3,否
i631619756310392832,明黄,,,3,否
i631619756331364352,天黄,,,3,否
i631619756348141568,其黄,,,3,否
i631620110800384000,颈夹脊椎穴,EX-B2,jiaji,3,是
i631620114084524032,上星穴,GV23,,3,是
i631619940884934656,顽骨,,,3,否
i631619942877229056,太息,,,3,否
i631619784139599872,项会,,,3,否
i631619784156377088,上宇,,,3,否
i631619784177348608,颈上凹穴,,,3,否
i631619784198320128,协日三穴,,,3,否
i631619784219291648,巴达干三穴,,,3,否
i631620352039972864,筋健,,,3,否
i631620353084354560,丘墟照透海,,,3,否
i631619969334898688,攒竹穴,BL2,,3,是
i631620158242156544,三焦俞？,BL22,,3,是
i631620372369764352,中 院,,,3,否
i631620388438142976,口穴,,,3,否
i631619999739408384,合谷透三间,,,3,否
i631620195659542528,廉帛,,,3,否
i631619842608197632,中魁,EX-UE4,,3,是
i631620429068365824,面颊区,,,3,否
i631620022963269632,脐内环穴,,,3,否
i631620033054765056,髎髎次,,,3,否
i631620033256091648,阴谷次,,,3,否
i631620033281257472,合阳次,,,3,否
i631623078673117184,鱼尾,,,3,否
i631622219541245952,风池双透刺风府,,,3,否
i631622251589922816,玉漱,,,3,否
i631622601868832768,足通谷,BL66,,3,是
i631621553255084032,牙痛点,,,3,否
i631622008072826880,丘墟穴,GB40,,3,是
i631622013152129024,颈阿是,Ashi,ashi,3,是
i631622643832844288,疼痛部位两侧夹脊,EX-B2,jiaji,3,是
i631621569210216448,前正中线上,,,3,否
i631621595143598080,背部华佗夹脊,EX-B2,jiaji,3,是
i631622035629404160,华盖,CV20,,3,是
i631622035662958592,玉堂,CV18,,3,是
i631622081296986112,感觉区下点,,,3,否
i631621701498564608,委中患侧,BL40,,3,是
i631622493156667392,泉中内,,,3,否
i631622493332828160,左颗上三针,,,3,否
i631619122483949568,前庭聪,,,2,否
i631619133049401344,阳纲,BL48,,2,是
i631619138934009856,患侧第三腰椎横突末端,,,2,否
i631619139152113664,腹哀,SP16,,2,是
i631619139173085184,膏俞,,,2,否
i631619143098953728,头穴顶中线,,,2,否
i631619143719710720,患侧阳白透鱼腰,,,2,否
i631619124157476864,阴骨,,,2,否
i631619124170059776,然骨,,,2,否
i631619131124215808,咽后壁及软腭弓上诸点,,,2,否
i631619164770922496,肩峰下滑囊,,,2,否
i631619172308086784,外直肌穴,,,2,否
i631619153840566272,颈-夹脊,EX-B2,jiaji,2,是
i631619154104807424,L～S夹脊,EX-B2,jiaji,2,是
i631619190960156672,腓总神经点,,,2,否
i631619193619345408,门金穴,,,2,否
i631619193761951744,耳神门,,,2,否
i631619194210742272,项八穴,,,2,否
i631619204549701632,根据椎间盘突出部位选相应和其上或下个椎体的夹脊,EX-B2,jiaji,2,是
i631619204813942784,耳牵正,,,2,否
i631619204826525696,口牵正,,,2,否
i631619199726252032,举臂,,,2,否
i631619176275898368,迈步,,,2,否
i631619176309452800,解剪,,,2,否
i631619183284580352,双侧气海俞,BL24,,2,是
i631619183456546816,乳房肿块,,,2,否
i631619183469129728,灵墟,KI24,,2,是
i631619183485906944,步廊,KI22,,2,是
i631619184446402560,生命力针刺点,,,2,否
i631619226217476096,上肢穴,,,2,否
i631619234178265088,远取合谷,,,2,否
i631619232571846656,颞三针,,,2,否
i631619216264392704,棘间压痛点,,,2,否
i631619220026683392,丹田,,,2,否
i631619251345551360,肾俞双侧,,,2,否
i631619253786636288,耳穴小肠,Ear-Acupoint,auricular,2,是
i631619253836967936,耳穴胆,Ear-Acupoint,auricular,2,是
i631619254373838848,手太阴,,,2,否
i631619254948458496,头穴感觉区,,,2,否
i631619255233671168,尺泽穴,LU5,,2,是
i631619256114475008,伸肘结点,,,2,否
i631619257368571904,脑干（耳穴）,Ear-Acupoint,auricular,2,是
i631619257406320640,膈,,,2,否
i631619261286051840,意舍,BL49,,2,是
i631619272891691008,双丰隆,ST40,,2,是
i631619240142565376,医风,,,2,否
i631619240746545152,咽四穴,,,2,否
i631619240813654016,躯干部及四肢经络,,,2,否
i631619242071945216,下肢穴,,,2,否
i631619246232694784,舌三 针,,,2,否
i631619277262155776,髋骨,EX-LE1,,2,是
i631619277320876032,双下肢运动区,,,2,否
i631619278721773568,心 俞,,,2,否
i631619280286248960,双次髎,BL32,,2,是
i631619302625112064,前神聪,,,2,否
i631619304663543808,舌下三针,,,2,否
i631619316940271616,坐骨神经点,,,2,否
i631619308492943360,止泻穴,,,2,否
i631619311483482112,内外膝眼,,,2,否
i631619282765082624,八会,,,2,否
i631619288473530368,四缝穴,EX-UE10,,2,是
i631619298208509952,背部膀胱经穴,,,2,否
i631619339253968896,第～腰椎夹脊,EX-B2,jiaji,2,是
i631619343418912768,肩龋,,,2,否
i631619318550884352,太阳患侧,EX-HN5,,2,是
i631619323760209920,膀胱经背俞,,,2,否
i631619327463780352,大迎透地仓,,,2,否
i631619331544838144,对侧头皮相应刺激区,,,2,否
i631619370719637504,拇长展肌肌肉运动点,,,2,否
i631619370732220416,伸肌侧指伸肌运动点,,,2,否
i631619371927597056,肩穴,,,2,否
i631619390768410624,三区,,,2,否
i631619398200717312,玉枕穴至天柱穴的连线依次等距离取穴,,,2,否
i631619399853273088,腕踝针上区手太阳小肠经与腕横纹上寸处圈之交点,,,2,否
i631619371994705920,腕上穴,,,2,否
i631619372066009088,精府穴,,,2,否
i631619372116340736,小肠穴,,,2,否
i631619372128923648,膀胱穴,,,2,否
i631619372158283776,大腿穴,,,2,否
i631619375362732032,下关患侧,ST7,,2,是
i631619377434718208,额旁三线,,,2,否
i631619378307133440,降糖,,,2,否
i631619378432962560,对侧运动区上/,,,2,否
i631619378445545472,对侧运动区中/,,,2,否
i631619380332982272,缘中（耳穴）,Ear-Acupoint,auricular,2,是
i631619386251145216,青灵穴,HT2,,2,是
i631619387215835136,气户,ST13,,2,是
i631619432950525952,耳中,,,2,否
i631619432979886080,听宫穴,SI19,,2,是
i631619435563577344,疣体基底部,,,2,否
i631619436964474880,膝部阿是,Ashi,ashi,2,是
i631619440399609856,伸臂点,,,2,否
i631619440412192768,伸肘上点,,,2,否
i631619440428969984,伸肘下点,,,2,否
i631619440441552896,伸腕点,,,2,否
i631619440458330112,伸指点,,,2,否
i631619442333184000,足太阴穴,,,2,否
i631619442349961216,手阳明穴,,,2,否
i631619443172044800,肺区穴,,,2,否
i631619444816211968,外踝尖,EX-LE9,,2,是
i631619447295045632,顶颞前斜线的上/和中/,,,2,否
i631619410754269184,捞竹,,,2,否
i631619417939111936,耳聋穴,,,2,否
i631619496880107520,偏厉,,,2,否
i631619514206777344,靳氏舌三针,,,2,否
i631619511224627200,腕踝针下,,,2,否
i631619473773686784,乳泉,,,2,否
i631619477208821760,固肩经筋结点,,,2,否
i631619477259153408,拇指展经筋结点,,,2,否
i631619477292707840,伸肘经筋结点,,,2,否
i631619478618107904,L~S夹脊,EX-B2,jiaji,2,是
i631619546007990272,夹水沟,,,2,否
i631619555407425536,上解痉穴,,,2,否
i631619560293789696,五脏俞加膈俞,,,2,否
i631619564009943040,风时,,,2,否
i631619588131385344,脾（耳穴）,Ear-Acupoint,auricular,2,是
i631619588156551168,胃经穴,,,2,否
i631619574642503680,患侧口腔内颊黏膜,,,2,否
i631619664929091584,顶旁,,,2,否
i631619664954257408,线,,,2,否
i631619644888707072,调衡三针,,,2,否
i631619613448204288,粱丘,,,2,否
i631619615612465152,耳甲,Ear-Acupoint,auricular,2,是
i631619731052294144,左归来,ST29,,2,是
i631619669807067136,颞区,,,2,否
i631619680619982848,外膝眼,,,2,否
i631621127340290048,扭伤穴,,,2,否
i631621127877160960,顶颞前斜线上/,,,2,否
i631621383620653056,手上II区,,,2,否
i631620671507525632,椟鼻,,,2,否
i631621149402329088,四髎,,,2,否
i631621149914034176,三阳交,,,2,否
i631620676599410688,不容,ST19,,2,是
i631620687202611200,肾前,,,2,否
i631620687223582720,大肠前,,,2,否
i631621427769896960,耳穴颈椎,Ear-Acupoint,auricular,2,是
i631620690914570240,膝中,,,2,否
i631620698271379456,申脉透照海,,,2,否
i631621470216253440,耳迷根穴,,,2,否
i631620941746532352,骶四穴,,,2,否
i631620942056910848,症状所属脊神经节段颈部夹脊,EX-B2,jiaji,2,是
i631621182092734464,百汇,,,2,否
i631621200610586624,星状神经节,,,2,否
i631620510358171648,急脉,LR12,,2,是
i631620751576788992,突出椎间盘节段及上,,,2,否
i631620751601954816,下两个节段的夹脊双侧,EX-B2,jiaji,2,是
i631620757809524736,新明Ⅰ,,,2,否
i631620785244467200,腰痛,,,2,否
i631621015310430208,足运动区,,,2,否
i631620560547213312,肝胆穴,,,2,否
i631620563076378624,区,,,2,否
i631620563785216000,精灵,,,2,否
i631620805955940352,提咽,,,2,否
i631620805985300480,双侧运动区及感觉区下/,,,2,否
i631620806811578368,L~L双侧夹脊,EX-B2,jiaji,2,是
i631621035703136256,耳穴肾上腺,Ear-Acupoint,auricular,2,是
i631620572849106944,C～C夹脊,EX-B2,jiaji,2,是
i631620573952208896,玉枕透天柱,,,2,否
i631620578595303424,前神聪悬厘连线的第二四分位点,,,2,否
i631620578628857856,前神聪悬厘连线的第三四分位点,,,2,否
i631620813904146432,腰夹脊,EX-B2,jiaji,2,是
i631621289856987136,气海俞穴,BL24,,2,是
i631620597897490432,下腕,,,2,否
i631620833210527744,减肥点,,,2,否
i631621315580653568,舌下系带,,,2,否
i631620604172169216,四花中,,,2,否
i631620604193140736,反后绝穴,,,2,否
i631620611352817664,舌面,,,2,否
i631621334517936128,腰椎间盘突出节段及上下节段两侧夹脊,EX-B2,jiaji,2,是
i631620628289417216,五心穴,,,2,否
i631621096218554368,腰夹脊八穴,EX-B2,jiaji,2,是
i631621354344411136,卵巢穴,,,2,否
i631620637659492352,金津穴,EX-HN12,,2,是
i631620867071143936,大白,,,2,否
i631620867616403456,门金,,,2,否
i631620233580244992,眉上穴,,,2,否
i631620437683466240,肩井双,GB21,,2,是
i631620438048370688,运动区上/健侧,,,2,否
i631620438073536512,运动区中/健侧,,,2,否
i631620438157422592,双侧下风湿下点,,,2,否
i631619858672381952,对侧足运感区,,,2,否
i631620046719807488,成腓间,,,2,否
i631620452241895424,阴阳陵泉,,,2,否
i631619872475836416,“脐四边”穴,,,2,否
i631620047520919552,髌外上,,,2,否
i631620047562862592,髌外下,,,2,否
i631620047617388544,髌内,,,2,否
i631620048678547456,翦明,,,2,否
i631620258230169600,妇科,,,2,否
i631619879639707648,合谷双 侧,,,2,否
i631619879740370944,喙肱肌,,,2,否
i631619879769731072,阳性筋结点,,,2,否
i631619883884343296,三阴交穴双侧,,,2,否
i631620062700105728,肾病穴,,,2,否
i631620274294353920,足三里水平旁开～cm,,,2,否
i631620484185714688,巨骨穴,LI16,,2,是
i631620282817179648,肱三头肌长头运动点,,,2,否
i631620282842345472,肱三头肌内侧头运动点,,,2,否
i631620282863316992,肱三头肌外侧头运动点,,,2,否
i631620282888482816,伸指总肌运动点,,,2,否
i631620282909454336,桡侧伸腕长肌运动点,,,2,否
i631620282934620160,桡侧伸腕短肌运动点,,,2,否
i631620282955591680,伸拇长肌运动点,,,2,否
i631620282993340416,腓骨长肌运动点,,,2,否
i631620283018506240,腓骨短肌运动点,,,2,否
i631620491391528960,三角肌上缘中点,,,2,否
i631620491412500480,三角肌中点,,,2,否
i631620493694201856,牵正穴,QIAN-ZHENG,,2,是
i631620493836808192,凤池穴,,,2,否
i631619899789144064,重仙,,,2,否
i631619747074535424,阴陵泉穴 双侧,,,2,否
i631619751356919808,华佗夹背穴L~S,,,2,否
i631620311409750016,脾腧,,,2,否
i631619756369113088,天黄副穴,,,2,否
i631619756390084608,地黄,,,2,否
i631619756411056128,人黄,,,2,否
i631619756427833344,关节疼痛的等高对应点,,,2,否
i631619759175102464,上腕,,,2,否
i631620115812577280,三阴交 双,SP6,,2,是
i631619770608775168,阿呛穴,,,2,否
i631619772349411328,耳穴眼,Ear-Acupoint,auricular,2,是
i631619777483239424,丘疹周围,,,2,否
i631619949147713536,夹脊穴,EX-B2,,2,是
i631620341382246400,睥俞,,,2,否
i631620341818454016,中膂,,,2,否
i631620345828208640,L-华佗夹脊,EX-B2,jiaji,2,是
i631619782222802944,颈椎阳性反应平面,,,2,否
i631619784257040384,上肢 - 内侧肌群,,,2,否
i631619784298983424,下肢 - 膝以上外侧肌群,,,2,否
i631619784324149248,下肢 - 膝以上内侧肌群,,,2,否
i631619784345120768,下肢 - 股以下内侧肌群,,,2,否
i631619784361897984,下肢 - 股以下外侧肌群,,,2,否
i631619784584196096,上肢-外侧肌群,,,2,否
i631619955141373952,灵骨穴,,,2,否
i631619957804756992,手三阳经筋线上筋结点,,,2,否
i631620148389736448,臑会次,,,2,否
i631620148423290880,天宗次,,,2,否
i631620148469428224,环跳次,,,2,否
i631620148511371264,足三里次,,,2,否
i631619797888528384,附分,BL41,,2,是
i631619971062951936,顶颞后斜线上/,,,2,否
i631620162339991552,百劳,,,2,否
i631620374433361920,患侧颊粘膜咬合线下约．cm的水平线上各连三个点,,,2,否
i631620374466916352,相当于第二磨牙处,,,2,否
i631620374500470784,各点间相距～．cm,,,2,否
i631620374538219520,每点上下再各取一点,,,2,否
i631619802699395072,T-L夹脊,EX-B2,jiaji,2,是
i631619804372922368,头皮运动区/处,,,2,否
i631620176256692224,颈椎夹脊穴,EX-B2,jiaji,2,是
i631620179918319616,外金津玉液,,,2,否
i631620381353963520,康泉,,,2,否
i631620391609036800,失眠穴,,,2,否
i631620185911980032,内外犊鼻,,,2,否
i631620399582408704,阴廉次,,,2,否
i631620400215748608,阳陵泉次,,,2,否
i631619827974270976,颈部阿是,Ashi,ashi,2,是
i631620198725578752,殷外,,,2,否
i631620198750744576,屈膝,,,2,否
i631620020006285312,顶会穴,,,2,否
i631620020039839744,顶前穴,,,2,否
i631620020085977088,顶左穴,,,2,否
i631620020127920128,希日穴,,,2,否
i631620020153085952,赫依穴,,,2,否
i631620424244916224,中九里,,,2,否
i631619845544210432,对侧运动区,,,2,否
i631619848320839680,中俞,,,2,否
i631619855576985600,合谷透劳宫,,,2,否
i631620033360949248,陵下次,,,2,否
i631620033654550528,百合,,,2,否
i631620229226557440,颞顶前斜线,,,2,否
i631621863096709120,腕三针,,,2,否
i631622212708724736,，,,,2,否
i631622216244523008,腕顺一穴,,,2,否
i631622216290660352,腕顺二穴,,,2,否
i631622843162947584,生殖区,,,2,否
i631621883552329728,顶额后斜线,,,2,否
i631622872770539520,伏突,,,2,否
i631621998610477056,天纵穴,,,2,否
i631622282678104064,对侧运动区中/处,,,2,否
i631622282711658496,对侧运动区上/处,,,2,否
i631622290718584832,提肛,,,2,否
i631622008135741440,腕骨穴,SI4,,2,是
i631622638753542144,八脉交会穴,,,2,否
i631621590139793408,驷马,,,2,否
i631622045293080576,屈髋结点,,,2,否
i631622045322440704,屈膝结点,,,2,否
i631622045351800832,足外翻结点,,,2,否
i631621646150529024,语言区,,,2,否
i631621647421403136,大枢,,,2,否
i631621666090250240,智三针,,,2,否
i631621701414678528,腰夹脊双侧,EX-B2,jiaji,2,是
i631621701561479168,承山患侧,BL57,,2,是
i631621701611810816,血瘀证者加膈俞双侧,,,2,否
i631621710747004928,双侧滑肉门,ST24,,2,是
i631621710797336576,双侧外陵,ST26,,2,是
i631621752341917696,枕下三穴,,,2,否
i631622432880324608,下极俞,EX-B5,,2,是
i631622773927571456,智三针穴,,,2,否
i631622773965320192,颞顶前斜线穴,,,2,否
i631622773998874624,顶中线穴,GS-MS5,,2,是
i631622149777387520,腰,,,2,否
i631622158170189824,肌筋膜触发点,,,2,否
i631621831370993664,小节穴,,,2,否
i631622187245105152,曲差透五 处,,,2,否
i631622502212169728,太阳膀胧经穴,,,2,否
i631619122924351488,太阳透颊车,,,1,否
i631619133020041216,谷穴,,,1,否
i631619133137481728,患侧夹脊,EX-B2,,1,是
i631619135154941952,扶边,,,1,否
i631619138174840832,上颊车,,,1,否
i631619138501996544,第二掌骨节肢全息,,,1,否
i631619139160502272,玉枢,,,1,否
i631619141723222016,顶旁 2线,,,1,否
i631619141840662528,L～夹脊,EX-B2,jiaji,1,是
i631619142113292288,疱疹起始部位,,,1,否
i631619142121680896,最后出现疱疹部位,,,1,否
i631619142134263808,疱疹最多处,,,1,否
i631619143086370816,头穴额中线,,,1,否
i631619144239804416,颊车头地仓,,,1,否
i631619128616022016,任脉经穴,,,1,否
i631619129463271424,副廉泉,,,1,否
i631619130264383488,陵后,,,1,否
i631619132659331072,脐周八针,,,1,否
i631619148564131840,病变中心,,,1,否
i631619151185571840,枕下区,,,1,否
i631619151395287040,胃底与胃体在胃大弯的交界处即胃的起搏区,,,1,否
i631619161977516032,冈上肌止点平肱骨大结节处,,,1,否
i631619161990098944,肩胛下肌止点平肱骨小结节处,,,1,否
i631619161998487552,腋前纹头旁开寸肱二头肌短头处,,,1,否
i631619162011070464,腋后纹头旁开寸肱三头肌长头处,,,1,否
i631619162019459072,手背结点,,,1,否
i631619162027847680,手掌结点,,,1,否
i631619162040430592,手侧结点,,,1,否
i631619162803793920,颈四夹穴,,,1,否
i631619170550673408,肩后局部,,,1,否
i631619172278726656,上直肌穴,,,1,否
i631619172291309568,下直肌穴,,,1,否
i631619172299698176,内直肌穴,,,1,否
i631619172316475392,上斜肌穴,,,1,否
i631619172329058304,下斜肌穴,,,1,否
i631619172417138688,顶颏后斜线,,,1,否
i631619166436061184,T~L夹脊,EX-B2,jiaji,1,是
i631619167044235264,疱疹边缘mm处,,,1,否
i631619152188010496,天泽,,,1,否
i631619156852076544,炎症点,,,1,否
i631619157133094912,颈部的头夹肌,,,1,否
i631619157154066432,斜方肌上部颈角处,,,1,否
i631619158601101312,手厥阴心包经,,,1,否
i631619158659821568,趾间与足跟连线的外侧和大拇趾与足跟连线的外侧,,,1,否
i631619161813938176,梁 丘,,,1,否
i631619191987761152,新奇,,,1,否
i631619194139439104,第二掌骨侧下腹穴,,,1,否
i631619195880075264,瘙痒部位,,,1,否
i631619196182065152,十 宣,,,1,否
i631619197721374720,华佗夹脊T,EX-B2,jiaji,1,是
i631619199386513408,下哑门,,,1,否
i631619199399096320,强音,,,1,否
i631619199550091264,纠外翻,,,1,否
i631619199562674176,上溪,,,1,否
i631619199868858368,内翻,,,1,否
i631619199885635584,大溪,,,1,否
i631619200028241920,听穴,,,1,否
i631619200040824832,足益聪,,,1,否
i631619200309260288,目明,,,1,否
i631619200317648896,足光明,,,1,否
i631619200330231808,头光明,,,1,否
i631619200590278656,抬足,,,1,否
i631619174161969152,患侧运动区,GS-MS1,,1,是
i631619176284286976,前进,,,1,否
i631619176296869888,内收,,,1,否
i631619176317841408,风市下,,,1,否
i631619176330424320,上阳关,,,1,否
i631619176338812928,阳陵下,,,1,否
i631619176351395840,足垂,,,1,否
i631619177550966784,四髎穴,,,1,否
i631619179396460544,四白透下睛明,,,1,否
i631619182802235392,舌下针穴点,,,1,否
i631619182814818304,咽后壁穴点,,,1,否
i631619206617493504,肱二头肌长头肌腱炎沿肱骨结节间沟,,,1,否
i631619206630076416,髌骨下/外侧缘,,,1,否
i631619225261174784,前廉泉,,,1,否
i631619225273757696,头部CT所示病灶在同侧头皮最近距离的垂直投射区的周边,,,1,否
i631619226817261568,第掌骨小头后尺侧赤白肉际凹陷处,,,1,否
i631619234190848000,肾上腺,,,1,否
i631619230726352896,髌骨周围四穴:即髌韧带两侧及股四头肌腱两侧凹陷处,,,1,否
i631619231481327616,迎香气,,,1,否
i631619232278245376,咽三针,,,1,否
i631619233049997312,八斜,,,1,否
i631619210761465856,内关对照点,,,1,否
i631619210774048768,水沟对照点,,,1,否
i631619210786631680,三阴交对照点,,,1,否
i631619210799214592,极泉对照点,,,1,否
i631619210811797504,尺泽对照点,,,1,否
i631619210824380416,委中对照点,,,1,否
i631619211541606400,戒烟穴,,,1,否
i631619212808286208,外水道,,,1,否
i631619212816674816,外归来,,,1,否
i631619214116909056,萎缩肌群,,,1,否
i631619218890027008,光明穴,GB37,,1,是
i631619221318529024,肩胛骨内上角第一阿是,Ashi,ashi,1,是
i631619223830917120,肿胀点,,,1,否
i631619251806924800,患侧头维,ST8,,1,是
i631619253824385024,耳穴胰,Ear-Acupoint,auricular,1,是
i631619253866328064,耳穴腹,Ear-Acupoint,auricular,1,是
i631619254382227456,鱼际穴,LU10,,1,是
i631619255099453440,耳穴肺穴,Ear-Acupoint,auricular,1,是
i631619255221088256,上极泉,,,1,否
i631619255288197120,病灶侧头部运动区上肢,,,1,否
i631619255992840192,伸腕伸指结点,,,1,否
i631619256009617408,拇指展结点,,,1,否
i631619256030588928,指外展结点,,,1,否
i631619256097697792,肩后伸旋外结点,,,1,否
i631619259344089088,行间双侧,,,1,否
i631619264805072896,双侧感觉区,GS-SS1,,1,是
i631619264817655808,肩骼,,,1,否
i631619265488744448,失笑,,,1,否
i631619265794928640,丘疹,,,1,否
i631619265807511552,黑头,,,1,否
i631619265820094464,脓疱,,,1,否
i631619265828483072,囊肿,,,1,否
i631619265841065984,结节及痤疮的后遗色素斑处,,,1,否
i631619266424074240,阳经穴,,,1,否
i631619266692509696,侧头痛配太阳,,,1,否
i631619266705092608,头顶痛配四神聪,,,1,否
i631619266717675520,眉棱骨痛配攒竹,,,1,否
i631619266734452736,后头痛配天柱,,,1,否
i631619268097601536,第二掌骨远侧段/与近侧段/交界处,,,1,否
i631619269452361728,神门耳穴,Ear-Acupoint,auricular,1,是
i631619248216600576,鼠溪,,,1,否
i631619250271809536,百会配涌泉,,,1,否
i631619250284392448,百劳配次髎,,,1,否
i631619250296975360,心俞配肾俞,,,1,否
i631619250309558272,膈俞配膻中,,,1,否
i631619250322141184,脾俞配中脘,,,1,否
i631619250330529792,肾俞配关元,,,1,否
i631619250343112704,合谷配三阴交,,,1,否
i631619250351501312,内关配太冲,,,1,否
i631619250368278528,足三里配三阴交,,,1,否
i631619250380861440,阳陵泉配太冲,,,1,否
i631619250393444352,神门配太溪,,,1,否
i631619279589994496,上巨虚双侧,,,1,否
i631619280126865408,三商,,,1,否
i631619280244305920,维道双,GB28,,1,是
i631619302511865856,供血,,,1,否
i631619305452072960,筋穴,,,1,否
i631619312905351168,肩陵泉,,,1,否
i631619313471582208,第二掌骨全息生物穴的头穴,,,1,否
i631619316357263360,失笑穴,,,1,否
i631619317036740608,腰部阿是,Ashi,ashi,1,是
i631619317485531136,取水沟,,,1,否
i631619308346142720,督脉上病灶上,,,1,否
i631619308362919936,下椎间隙,,,1,否
i631619310342631424,两侧腹股沟部和大腿根部后段的股内收肌群和闭孔外肌耻骨上,,,1,否
i631619311668031488,太溪透昆仑,,,1,否
i631619281926221824,湿热瘀滞型加阴陵泉,,,1,否
i631619281938804736,气滞血瘀型加血海,,,1,否
i631619281947193344,伴经前乳房胀痛或便秘腹胀甚者加太冲,,,1,否
i631619281959776256,腰骶痛,,,1,否
i631619281968164864,肾虚明显者加肾俞,,,1,否
i631619283771715584,头部/运动区,,,1,否
i631619283788492800,头部/感觉区,,,1,否
i631619283910127616,晴明,,,1,否
i631619283918516224,四 白,,,1,否
i631619288704217088,颈夹脊-,EX-B2,jiaji,1,是
i631619296501428224,脾胃穴,,,1,否
i631619298506305536,中印堂,,,1,否
i631619340327710720,疤痕边缘皮肤,,,1,否
i631619341372092416,肩髃透极泉,,,1,否
i631619343544741888,相应夹脊,EX-B2,jiaji,1,是
i631619343993532416,咽安,,,1,否
i631619345260212224,大墩,,,1,否
i631619349941055488,疱疹部位,,,1,否
i631619351291621376,风池透天柱攒竹透鱼腰,,,1,否
i631619361840295936,下腹,,,1,否
i631619362523967488,对侧大脑运动区即顶颞前斜线的上/和中/为主,,,1,否
i631619364629508096,颈部穴,,,1,否
i631619367364194304,在此环形线上以等分的形式取点,,,1,否
i631619367376777216,作为治疗点,,,1,否
i631619360951103488,耳后降压沟,,,1,否
i631619361316007936,内外劳宫,,,1,否
i631619318487969792,少阳经俞穴,,,1,否
i631619318508941312,头维患侧,ST8,,1,是
i631619318525718528,悬颅患侧,GB5,,1,是
i631619318538301440,风池患侧,GB20,,1,是
i631619318576050176,太冲 双侧,,,1,否
i631619318592827392,丰隆 双侧,,,1,否
i631619318748016640,面肌痉挛兴奋点健侧,,,1,否
i631619318777376768,天地穴中脘,,,1,否
i631619322082488320,L-脊神经后支骨纤维管出口处,,,1,否
i631619322258649088,偏瘫对侧顶颞前斜线,,,1,否
i631619322782937088,环乳,,,1,否
i631619326608142336,疱疹周围部位,,,1,否
i631619327702855680,原穴冲阳,,,1,否
i631619327715438592,络穴丰隆,,,1,否
i631619327740604416,郄穴梁丘,,,1,否
i631619330928275456,尺泻,,,1,否
i631619370895798272,眼肌穴,,,1,否
i631619371956957184,肩上,,,1,否
i631619371969540096,肘外,,,1,否
i631619371977928704,肘窝,,,1,否
i631619391003291648,感觉区的上/和中/,,,1,否
i631619405259730944,顶颊后斜线上/线段,,,1,否
i631619405503000576,腰部P点外侧,,,1,否
i631619405519777792,腰部P点下方,,,1,否
i631619405532360704,臀部外侧P点外侧,,,1,否
i631619405549137920,大腿外侧中央段,,,1,否
i631619405561720832,小腿上P点下方,,,1,否
i631619407453351936,腕关节取阳池,,,1,否
i631619407667261440,L-S夹脊,EX-B2,jiaji,1,是
i631619372011483136,速效,,,1,否
i631619372019871744,十指尖穴,,,1,否
i631619372145700864,髋五穴,,,1,否
i631619372170866688,大腿内穴,,,1,否
i631619372196032512,腓肠肌正中穴,,,1,否
i631619372212809728,腓肠肌下穴,,,1,否
i631619372225392640,胫穴,,,1,否
i631619372237975552,跟上穴,,,1,否
i631619372254752768,足十趾尖穴,,,1,否
i631619375333371904,丝竹空患侧,TE23,,1,是
i631619375350149120,地仓透颊车患侧,,,1,否
i631619378491682816,左侧语言三区,,,1,否
i631619378504265728,左侧语言二区,,,1,否
i631619378516848640,第胸椎至第胸椎夹脊,EX-B2,jiaji,1,是
i631619378529431552,第胸椎至第腰椎夹脊,EX-B2,jiaji,1,是
i631619380463005696,内生殖器,,,1,否
i631619380844687360,言语运动区,,,1,否
i631619380861464576,肢体运动区,,,1,否
i631619382123950080,头针对侧运动区中/,,,1,否
i631619385672331264,肱三头肌运动点,,,1,否
i631619385684914176,指总伸肌运动点,,,1,否
i631619385701691392,拇长展肌运动点,,,1,否
i631619387249389568,鹰窗,,,1,否
i631619387664625664,夹脊C～,EX-B2,jiaji,1,是
i631619440814845952,上廉泉、通里 、丰隆 、金津 放血、玉液 放血、头针顶颞后斜线$颈百劳、人迎、水突、廉泉$加内地仓、 夹承浆 、禾髎$次髎、会阳、肾俞$头针枕下旁线 、天柱穴,,,1,否
i631619441938919424,痤疮,,,1,否
i631619444677799936,双侧C～C夹脊,EX-B2,jiaji,1,是
i631619444690382848,双侧腕骨,SI4,,1,是
i631619444707160064,双侧束骨,BL65,,1,是
i631619446661705728,浮郄,BL38,,1,是
i631619446850449408,陆氏健膝穴,,,1,否
i631619447316017152,大脑感觉区及语言区,,,1,否
i631619460477743104,相应病变节段的棘突间隙,,,1,否
i631619448737886208,患侧上肢肩刻骨髃,,,1,否
i631619448754663424,健侧上肢取内关,,,1,否
i631619448767246336,患侧下肢血海,,,1,否
i631619448784023552,健侧下肢梁丘,,,1,否
i631619450725986304,居體,,,1,否
i631619451707453440,患侧臀中肌压痛点,,,1,否
i631619408824889344,五输穴,,,1,否
i631619411433746432,皮损区或色素沉着区,,,1,否
i631619412109029376,皮损相应区域,,,1,否
i631619414306844672,侧肩关节前凹陷处压痛点,,,1,否
i631619425979592704,颈~两侧夹脊,EX-B2,jiaji,1,是
i631619427128832000,肩三穴,,,1,否
i631619467759054848,新肋头,,,1,否
i631619467775832064,里期门,,,1,否
i631619467796803584,始素,,,1,否
i631619469520662528,曲池双侧,,,1,否
i631619495886057472,附阳,,,1,否
i631619497349869568,头针额旁III线,,,1,否
i631619498050318336,舞蹈震颤区,,,1,否
i631619500118110208,L—L华佗夹脊,EX-B2,jiaji,1,是
i631619514378743808,瞳子髎透太阳,,,1,否
i631619518694682624,4～5 掌缝,,,1,否
i631619518719848448,足 4～5 跖趾缝隙,,,1,否
i631619518883426304,中指掌指关节缝隙处， 包括 2～3、3～4 掌缝足跖缝隙,,,1,否
i631619519013449728,靠近大拇 指端,,,1,否
i631619519860699136,外关穴与手太阳小肠经水平连线的中点,,,1,否
i631619505914638336,T-L华佗夹脊,EX-B2,jiaji,1,是
i631619506631864320,局部腧穴,,,1,否
i631619507412004864,背腰部督脉经,,,1,否
i631619474272808960,晕痛针,,,1,否
i631619476307046400,整体经络针刺,,,1,否
i631619477238181888,指外展经筋结点,,,1,否
i631619477275930624,伸腕伸指经筋结点,,,1,否
i631619486495010816,患侧眼肌在眼球上的附着点,,,1,否
i631619490215358464,面瘫奇穴,,,1,否
i631619492845187072,颈-胸双侧夹脊,EX-B2,jiaji,1,是
i631619549355044864,太溪与降压点,,,1,否
i631619551099875328,股外风穴,,,1,否
i631619557647183872,臀三角点,,,1,否
i631619559744335872,喉四针,,,1,否
i631619564597145600,合穴足三里,,,1,否
i631619567679959040,痉挛肌的拮抗肌对应经络,,,1,否
i631619568594317312,站立穴十七、十八椎棘突旁开 0. 5 寸,,,1,否
i631619568686592000,足屈穴外踝上2寸,,,1,否
i631619568837586944,筋健髌骨中点直上 4 寸,,,1,否
i631619569156354048,纠正点颧髎与颊车连线之中点,,,1,否
i631619569454149632,外廉泉,,,1,否
i631619569512869888,增音点喉结旁开 1寸,,,1,否
i631619569533841408,正舌点舌系带中央舌体中间点,,,1,否
i631619580355145728,颊承浆,,,1,否
i631619582259359744,指麻穴,,,1,否
i631619583219855360,臂月需,,,1,否
i631619588177522688,头皮针,,,1,否
i631619524373770240,上梨状穴,,,1,否
i631619524394741760,下梨状穴,,,1,否
i631619540089827328,开窍醒脑针,,,1,否
i631619543176835072,上廉泉与天容连线中点,,,1,否
i631619591625240576,足太阳膀胱经第一线,,,1,否
i631619591646212096,疱疹皮损部位旁开寸,,,1,否
i631619594628362240,胰穴,,,1,否
i631619596712931328,损伤的脊髓平面上下两个相连的椎体间隙,,,1,否
i631619596746485760,感觉平面上,,,1,否
i631619596809400320,左眼或右眼针划区区,,,1,否
i631619631378853888,相应夹脊穴,EX-B2,jiaji,1,是
i631619661934358528,阿是以痛为俞,Ashi,ashi,1,是
i631619661955330048,肩調,,,1,否
i631619649775071232,运动性失语取优势侧顶头穴线两处,,,1,否
i631619649804431360,颞前斜线运动区下/,,,1,否
i631619649825402880,优势侧颞前线,,,1,否
i631619649930260480,肩部经筋结点,,,1,否
i631619651951915008,颈四针,,,1,否
i631619651972886528,患侧耳门穴,TE21,,1,是
i631619615906066432,肱骨大,,,1,否
i631619615927037952,小结节骨突部压痛点,,,1,否
i631619615943815168,肱二头肌长,,,1,否
i631619615960592384,短头附着点压痛处,,,1,否
i631619615985758208,三角肌前后及三角肌粗隆处压痛点,,,1,否
i631619616002535424,斜方肌,,,1,否
i631619616019312640,冈下肌等处压痛,,,1,否
i631619620603686912,第～胸椎的夹脊,EX-B2,jiaji,1,是
i631619620620464128,第胸椎～第腰椎的夹脊,EX-B2,jiaji,1,是
i631619621417381888,攒 竹,,,1,否
i631619625972396032,齿龈,,,1,否
i631619626802868224,肓门,BL51,,1,是
i631619628161822720,自风府穴旁开至完骨穴,,,1,否
i631619628182794240,沿枕骨下缘分等分,,,1,否
i631619628199571456,每隔等分为穴,,,1,否
i631619629353005056,手足阳明经穴,,,1,否
i631619700547121152,配穴为：内关,,,1,否
i631619700853305344,上焦区穴,,,1,否
i631619709174804480,损伤脊髓部位上,,,1,否
i631619709195776000,下端脊髓,,,1,否
i631619712026931200,上清明,,,1,否
i631619713666904064,趾端至足跟后缘连线中点,,,1,否
i631619713687875584,趾端至足跟后缘连线中点平向外旁开 0. 8 寸,,,1,否
i631619716258983936,双侧的夹脊,EX-B2,jiaji,1,是
i631619716787466240,桡神经点,,,1,否
i631619716808437760,尺神经点,,,1,否
i631619716841992192,胫神经点,,,1,否
i631619716858769408,腓深神经点,,,1,否
i631619716875546624,腓浅神经点,,,1,否
i631619716896518144,股神经点,,,1,否
i631619718549073920,太冲患侧肩髃,,,1,否
i631619718570045440,解溪健侧三阴交,,,1,否
i631619722172952576,督脉穴,GV,,1,是
i631619736857210880,于患侧下颌角向外平胸锁乳突肌肌腹上,,,1,否
i631619726123986944,颌下,,,1,否
i631619729735282688,掌骨头间隙,,,1,否
i631619733111697408,在距损伤上下端个椎体的棘突间隙旁开距中线～cm处取穴,,,1,否
i631619667634417664,疣体边缘呈°～°角刺入疣体基底部,,,1,否
i631619669316333568,脸部,,,1,否
i631619682981376000,压痛点附近的腧穴,,,1,否
i631619683069456384,角孙和率谷连线的中点,,,1,否
i631619683086233600,风池和安眠连线的中点,,,1,否
i631619683107205120,外关水平旁开,,,1,否
i631619683128176640,三焦经和小肠经之间的中点,,,1,否
i631619683140759552,阳陵泉水平旁开,,,1,否
i631619683161731072,胆经和膀胱经之间的中点,,,1,否
i631619683342086144,平阴补阳针,,,1,否
i631619687528001536,配穴取内关,,,1,否
i631619695782391808,颈-横突,,,1,否
i631619696558338048,舌的后/,,,1,否
i631619696579309568,舌体两侧,,,1,否
i631621127931686912,上解溪,,,1,否
i631621129705877504,晴朗,,,1,否
i631621377245310976,单侧 肩外俞及肩中俞,,,1,否
i631621377438248960,双侧大椎,GV14,,1,是
i631621377471803392,双侧风门,BL12,,1,是
i631621377652158464,双侧膈俞,BL17,,1,是
i631621386074320896,腕短伸肌起点处,,,1,否
i631620671830487040,悬中穴,,,1,否
i631620887333826560,额旁Ⅳ线,,,1,否
i631620900243894272,结筋点,,,1,否
i631621143609995264,骨折椎骨节段上下之膀胱经第一条侧线穴位,,,1,否
i631621392193810432,神藏,KI25,,1,是
i631620675638915072,疼痛点,,,1,否
i631620676905594880,止吐穴,,,1,否
i631620687571709952,髌中,,,1,否
i631620912675811328,臀痛,,,1,否
i631621154842341376,交会,,,1,否
i631621424448008192,大脑左侧优势半球Ｂｒｏｃａ区,,,1,否
i631621457935331328,颌厌,,,1,否
i631620691711488000,患侧第三腰椎横突末端处的上下左右各旁开cm处,,,1,否
i631620699710025728,下巨墟,,,1,否
i631620703841415168,颅骨颞前﹑后线,,,1,否
i631620928140210176,偏瘫对侧头针运动区,,,1,否
i631620928169570304,偏瘫对侧头针感觉区,,,1,否
i631621171858632704,胃腧,,,1,否
i631621468463034368,颈部C－夹脊,EX-B2,jiaji,1,是
i631621470065258496,耳穴肩,Ear-Acupoint,auricular,1,是
i631621470136561664,耳穴膀胱,Ear-Acupoint,auricular,1,是
i631621470342082560,耳穴背脾,Ear-Acupoint,auricular,1,是
i631621470384025600,耳穴角窝中,Ear-Acupoint,auricular,1,是
i631620709952516096,解溪穴,ST41,,1,是
i631620710254505984,双侧下/顶颞后斜线,,,1,否
i631620710279671808,双侧枕下旁线,,,1,否
i631620712343269376,醒脑开窍针法,,,1,否
i631620715807764480,三阳络右,TE8,,1,是
i631620715828736000,疼痛穴右手三里向外寸的敏感点,,,1,否
i631620715853901824,子宫右耳,,,1,否
i631620715879067648,足三里右,ST36,,1,是
i631620943705272320,枕外隆凸外下方压痛处,,,1,否
i631620943730438144,上项线,,,1,否
i631620943835295744,在上项线外侧 与胸锁乳突肌后缘交界处的压痛点,,,1,否
i631620943944347648,枕外隆凸与乳 突连线中内 1/3 交界的压痛点,,,1,否
i631620944045010944,枕外隆起处,,,1,否
i631620944070176768,胸锁乳突肌中点压痛 处,,,1,否
i631621181400674304,第六颈椎棘突旁开寸经验穴,,,1,否
i631621187096539136,百老,,,1,否
i631621188426133504,气门,,,1,否
i631621188757483520,大脑皮层投射区,,,1,否
i631621508833210368,C～T夹脊,EX-B2,jiaji,1,是
i631621519386079232,臂内前缘三角肌和肱二头肌交界处,,,1,否
i631621519771955200,肘内侧,,,1,否
i631621520111693824,肘尖与腋窝连线中点,,,1,否
i631621520489181184,肱骨内上髁与尺骨腕部之间中点,,,1,否
i631621520652759040,尺侧缘,,,1,否
i631621520749228032,胫骨外侧缘处,,,1,否
i631620722736754688,内踝穴,,,1,否
i631620722766114816,外踝穴,,,1,否
i631620723269431296,感觉区下/,,,1,否
i631620730085175296,感觉区上/,,,1,否
i631620733579030528,经验穴患者肘尖与肩峰连线上约寸间寻找最痛点,,,1,否
i631620950508433408,C-T夹脊,EX-B2,jiaji,1,是
i631620960906113024,新明,,,1,否
i631621197200617472,顶颞前斜线足运动感区,,,1,否
i631621209427013632,减肥组穴,,,1,否
i631620502435131392,背腧穴,,,1,否
i631620502502240256,相邻穴,,,1,否
i631620510446252032,委下三寸,,,1,否
i631620510467223552,委上三寸,,,1,否
i631620743305621504,乳突,,,1,否
i631620745398579200,发旋,,,1,否
i631620745625071616,眉心,,,1,否
i631620745654431744,启闭,,,1,否
i631620745683791872,脐内环肝,,,1,否
i631620966060912640,囟门,,,1,否
i631621224128049152,舌咽穴,,,1,否
i631620515148066816,十七椎穴,EX-B8,,1,是
i631620516272140288,大脑点,,,1,否
i631620518486732800,颈肌起止点,,,1,否
i631620519464005632,耳尖直上寸前寸,,,1,否
i631620519493365760,耳尖直上寸后寸,,,1,否
i631620519514337280,耳尖直上寸,,,1,否
i631620761366294528,颈臂穴,,,1,否
i631620761395654656,夹脊单侧,EX-B2,jiaji,1,是
i631620978241171456,合百会,,,1,否
i631620994120806400,天主,,,1,否
i631621238631952384,下鼻甲,,,1,否
i631620768316256256,局梅,,,1,否
i631620768341422080,结顶,,,1,否
i631620773068402688,顶颖后斜线,,,1,否
i631620773093568512,顶颖前斜线,,,1,否
i631620773643022336,上中斜方肌,,,1,否
i631620773668188160,三角肌,ANAT-DELTOID,anatomical,1,是
i631620773735297024,大小菱形肌,,,1,否
i631620773756268544,肩胛提肌,,,1,否
i631620773781434368,大小圆肌,,,1,否
i631620773806600192,肱二头肌,,,1,否
i631621000580034560,运动障碍点,,,1,否
i631621000609394688,靳氏智三针,,,1,否
i631621251680432128,天柱下．寸,,,1,否
i631621259205013504,搏球,,,1,否
i631620544873099264,还巢穴,,,1,否
i631620552796139520,坐骨神经出梨状肌下孔之部位,,,1,否
i631620778751684608,额醪,,,1,否
i631620781884829696,上项线点,,,1,否
i631620781914189824,枕下凹点,,,1,否
i631620781939355648,第 2 颈椎棘突点出的压痛 点,,,1,否
i631621015339790336,智力区,,,1,否
i631621259234373632,正士,,,1,否
i631621259666386944,耳穴以肺-神门-口配伍为主,Ear-Acupoint,auricular,1,是
i631621261667069952,中髎穴,BL33,,1,是
i631620556055113728,枕大神经穿出压痛点,,,1,否
i631620556080279552,头皮阿是,Ashi,ashi,1,是
i631620561641926656,晕听区与颈夹脊,EX-B2,jiaji,1,是
i631620562174603264,谷溪,,,1,否
i631620563030241280,言语,,,1,否
i631620564439527424,肩关节外侧压痛点,,,1,否
i631620802655023104,太仓,,,1,否
i631620803670044672,不定穴,,,1,否
i631620805926580224,吞咽舌骨和喉结之间,,,1,否
i631620806006272000,脑灵穴,,,1,否
i631620806031437824,脑中,,,1,否
i631620806056603648,脑神,,,1,否
i631620806081769472,襞中,,,1,否
i631621024894414848,三间透后溪,,,1,否
i631621026182066176,球 后,,,1,否
i631621035468255232,TL夹脊,EX-B2,jiaji,1,是
i631621035560529920,膝（耳穴）,Ear-Acupoint,auricular,1,是
i631621041780682752,尧神庭,,,1,否
i631621272085721088,双侧耳廓背侧根部,,,1,否
i631621281296412672,即肺俞,,,1,否
i631621285931118592,列缺双,LU7,,1,是
i631620573927043072,脑空透风池,,,1,否
i631620573968986112,风池透风池,,,1,否
i631620576577843200,大肠区（眼针）,,,1,否
i631620576607203328,大肠区,,,1,否
i631620576716255232,脾胃区,,,1,否
i631620580700844032,丝状物基底部直径mm内,,,1,否
i631620810049581056,下三皇穴,,,1,否
i631620811060408320,项四穴,,,1,否
i631620814256467968,跟平,,,1,否
i631620821487448064,下眼睑,,,1,否
i631620823290998784,“提腿负”,,,1,否
i631620823500713984,“筋缩”,,,1,否
i631621289974427648,病变处的夹脊和同侧的曲池,EX-B2,jiaji,1,是
i631621290028953600,承山穴和委中,,,1,否
i631621300443410432,足厥阴经穴,,,1,否
i631621300497936384,任督经穴,,,1,否
i631621300674097152,足少阴经穴,,,1,否
i631621301189996544,气外穴,,,1,否
i631621303719161856,臂膀,,,1,否
i631620591647977472,足三里 双侧,,,1,否
i631620592881102848,手三阳经穴,,,1,否
i631620594839842816,气街,,,1,否
i631620823714623488,对侧“中平负”,,,1,否
i631620828861034496,神经孔,,,1,否
i631620828886200320,神经节,,,1,否
i631620833697067008,利咽穴,,,1,否
i631621062664122368,风池透风府,,,1,否
i631621304163758080,C～华佗夹脊,EX-B2,jiaji,1,是
i631621304197312512,T～华佗夹脊,EX-B2,jiaji,1,是
i631621304226672640,L～华佗夹脊,EX-B2,jiaji,1,是
i631621305304608768,曲泽穴,PC3,,1,是
i631621305333968896,郄门穴,PC4,,1,是
i631621305644347392,肩髎透肩髃,,,1,否
i631621305963114496,梁丘透血海,,,1,否
i631620599373885440,合谷透后溪,,,1,否
i631620837136396288,经外奇穴腰痛点,,,1,否
i631620843453018112,臂髎,,,1,否
i631620851145371648,下背部原始点,,,1,否
i631621074051657728,病变颈椎节段及其上下椎节两侧的夹脊,EX-B2,jiaji,1,是
i631621074076823552,病侧三经奇穴,,,1,否
i631621086122864640,压力增高的组织间室体表区,,,1,否
i631620857382301696,腰~腰华佗夹脊,EX-B2,jiaji,1,是
i631621089130180608,项上线和枕后线,,,1,否
i631621094272397312,腰三横突尖部压痛最明显处,,,1,否
i631621098286346240,三焦俞穴,BL22,,1,是
i631621098315706368,劳宫穴,PC8,,1,是
i631621098340872192,厥阴穴,,,1,否
i631621099175538688,双侧髂嵴边缘,,,1,否
i631621099200704512,臀中肌,,,1,否
i631621099234258944,臀大肌筋膜附着点,,,1,否
i631621099267813376,阔筋膜张肌,,,1,否
i631621101583069184,患肢肿胀皮肤局部范围,,,1,否
i631621337294565376,肩手三里,,,1,否
i631621352494723072,言语区,,,1,否
i631621354369576960,腹围穴,,,1,否
i631620637579800576,气关,,,1,否
i631620643166613504,通白,,,1,否
i631620866802708480,天皇,,,1,否
i631620866827874304,人皇,,,1,否
i631620867385716736,木炎,,,1,否
i631620868832751616,正会,,,1,否
i631621118641303552,十五椎下,,,1,否
i631621118670663680,十七椎下,,,1,否
i631621119283032064,承以,,,1,否
i631621359583096832,内观,,,1,否
i631621360501649408,顶颞前斜线从头部经外奇穴前神聪至颞部胆经悬厘穴引一斜线中/,,,1,否
i631621360820416512,结节点,,,1,否
i631621364020670464,擅中,,,1,否
i631621364213608448,疱疹方向,,,1,否
i631621368403718144,安神点,,,1,否
i631621368554713088,对侧运动区上方/位置,,,1,否
i631621368579878912,对侧感觉区下/,,,1,否
i631621370018525184,心区,,,1,否
i631620233475387392,颈穴段,,,1,否
i631620233605410816,眉中穴,,,1,否
i631620233626382336,眶下穴,,,1,否
i631620233651548160,歪嘴穴,,,1,否
i631620233672519680,纠正穴,,,1,否
i631620233697685504,耳前穴,,,1,否
i631620233806737408,后陵,,,1,否
i631620435032666112,夹阴穴,,,1,否
i631620435057831936,重阴穴,,,1,否
i631620438115479552,上风湿外点,,,1,否
i631620440187465728,降压点,,,1,否
i631620441147961344,头针语言区,,,1,否
i631619861436428288,白环,,,1,否
i631619864817037312,颈夹脊,EX-B2,jiaji,1,是
i631620041443373056,在腰至腰棘突下旁开～cm,,,1,否
i631620041464344576,找阿是,Ashi,ashi,1,是
i631620041489510400,或反阿是,Ashi,ashi,1,是
i631620043372752896,头针胃区,,,1,否
i631620043947372544,第二掌骨全息穴,,,1,否
i631620243688517632,颈夹脊双侧,EX-B2,jiaji,1,是
i631620243730460672,肩井双侧,,,1,否
i631620243751432192,肩髃双侧,,,1,否
i631620247354339328,膝海,,,1,否
i631620444633427968,运动区下/健侧,,,1,否
i631620450413178880,颈-棘突,,,1,否
i631620450442539008,颈椎-横突,,,1,否
i631620452061540352,"降压
沟",,,1,否
i631620454599094272,夹颈脊穴,,,1,否
i631619871787970560,酸痛点,,,1,否
i631619872660385792,足太阴脾经穴,,,1,否
i631620052705079296,中魁穴,EX-UE4,,1,是
i631620056274432000,上肢阴经,,,1,否
i631620056299597824,上肢阳经,,,1,否
i631620056320569344,下肢阴经,,,1,否
i631620056354123776,下肢阳经,,,1,否
i631620056773554176,络,,,1,否
i631620252878237696,L/L,,,1,否
i631620252899209216,L/S夹脊,EX-B2,jiaji,1,是
i631620253217976320,中诸,,,1,否
i631620257756213248,毫针,,,1,否
i631620258855120896,顶叶,,,1,否
i631620258876092416,顶前叶,,,1,否
i631620455584755712,光阴,,,1,否
i631620457111482368,顶颞后斜线感觉区,,,1,否
i631620457136648192,对侧顶颞前斜线运动区,,,1,否
i631619879316746240,踝三针,,,1,否
i631619883544604672,双侧第掌骨全息下腹穴,,,1,否
i631619883565576192,双胫骨侧全息下腹穴,,,1,否
i631619885369126912,百会及其左右mm穴位,,,1,否
i631620063115341824,压痛明显的棘突,,,1,否
i631620064096808960,耳尖直上入发际寸处,,,1,否
i631620064117780480,以耳尖直上入发际寸处为中点向其同一水平线左右各旁开寸处,,,1,否
i631620064533016576,廉三针,,,1,否
i631620269105999872,局部经穴,,,1,否
i631620274189496320,肘部内侧,,,1,否
i631620274214662144,肘尖与腋窝连线的中点,,,1,否
i631620274239827968,肱骨内上髁与尺骨腕部连线之间的中点和尺侧缘交界点,,,1,否
i631620274269188096,臂内前缘三角肌与肱二头肌交界点,,,1,否
i631620274319519744,与胫骨外侧缘交界处,,,1,否
i631620480318566400,上下风湿点,,,1,否
i631620480998043648,百会风穴,,,1,否
i631620481039986688,加调心穴位,,,1,否
i631620481551691776,肝阳,,,1,否
i631620484206686208,云门穴,LU2,,1,是
i631620484236046336,肩贞穴等,,,1,否
i631620484470927360,侧肩,,,1,否
i631620072221175808,取T-L夹脊及相邻两夹脊之间定点,EX-B2,jiaji,1,是
i631620072242147328,在夹脊旁cm处,EX-B2,jiaji,1,是
i631620072766435328,丝竹空透耳和髎,,,1,否
i631620073202642944,地仓透巨髎,,,1,否
i631620081230540800,侧廉泉,,,1,否
i631620280497729536,排气穴,,,1,否
i631620280686473216,相关夹脊,EX-B2,jiaji,1,是
i631620281328201728,颈三线,,,1,否
i631620492121337856,明陵泉,,,1,否
i631620493715173376,太翳风穴,,,1,否
i631620493736144896,冲穴,,,1,否
i631620495392894976,鱼肩,,,1,否
i631620497427132416,下肢,,,1,否
i631620497993363456,董氏奇穴,,,1,否
i631619899659120640,四间,,,1,否
i631619902767099904,三叉神经总行,,,1,否
i631619908618153984,四神针,,,1,否
i631620291079958528,皮损区中心皮下,,,1,否
i631619742930563072,殷门陵后,,,1,否
i631619749112967168,丝竹空透鱼腰,,,1,否
i631619749154910208,攒竹透鱼腰,,,1,否
i631619751184953344,关六俞,,,1,否
i631619909691895808,跷脉的起始穴,,,1,否
i631619910203600896,额旁－线,,,1,否
i631619917514272768,运动区的中下/,,,1,否
i631619918558654464,第腰椎棘突下个穴位,,,1,否
i631620104156606464,底仓,,,1,否
i631620304182964224,在C～T椎体横突的后结节附近,,,1,否
i631620304208130048,胸椎棘突旁,,,1,否
i631620304229101568,肩胛骨脊柱缘附着处,,,1,否
i631620304250073088,胸锁乳突肌起点处,,,1,否
i631620308339519488,骶神经孔,,,1,否
i631620314354151424,眉中,,,1,否
i631619756448804864,五虎一,,,1,否
i631619756469776384,五虎二,,,1,否
i631619756662714368,五虎三,,,1,否
i631619756679491584,五虎四,,,1,否
i631619925592502272,阳陵透阴陵,,,1,否
i631619929463844864,曲恒,,,1,否
i631619929690337280,臂詾,,,1,否
i631619931242229760,L～S棘突连线旁开～cm处即阳性点,,,1,否
i631620116852764672,静区在内的耳周穴,,,1,否
i631620318049333248,疼痛部位夹脊,EX-B2,jiaji,1,是
i631620320586887168,阿是上,Ashi,ashi,1,是
i631620320612052992,下沿着经络走向约cm处各选个穴位,,,1,否
i631620322616930304,足底运感区,,,1,否
i631620325368393728,少海 透曲池、三阴交绝骨；十二井；哑门、 通里、照海；金津、玉液；天突、内关；肩髃透臂臑; 合谷透劳 宫；支沟；关元、气海；,,,1,否
i631619761159008256,廉泉三针,,,1,否
i631619766519328768,下,,,1,否
i631619769199489024,外观,,,1,否
i631619941254033408,鼻渊,,,1,否
i631620126092816384,颈一夹脊,EX-B2,jiaji,1,是
i631620126818430976,在大拇指掌背侧根部靠后,,,1,否
i631620126860374016,掌指关节背侧后寸,,,1,否
i631620126881345536,稍偏向第二掌骨缘处,,,1,否
i631620329956962304,内地仓,,,1,否
i631620335468277760,纠内旋,,,1,否
i631619772387160064,耳穴目,Ear-Acupoint,auricular,1,是
i631619775587414016,颈C-夹脊,EX-B2,jiaji,1,是
i631619776375943168,迎经,,,1,否
i631619949302902784,腘点 委中穴上 1 寸处,,,1,否
i631619949504229376,腓点 腓骨头外面最凸出点其下 0. 5 寸处,,,1,否
i631619949999157248,嗓音穴,,,1,否
i631620136620519424,膈神经点,,,1,否
i631620340283338752,桂枝,,,1,否
i631620340425945088,千年健,,,1,否
i631620342783143936,耳穴臀,Ear-Acupoint,auricular,1,是
i631620342846058496,耳穴腰骶椎,Ear-Acupoint,auricular,1,是
i631620342867030016,耳穴坐骨神经,Ear-Acupoint,auricular,1,是
i631620345094205440,放血,,,1,否
i631620348353179648,新膀胱俞穴,,,1,否
i631620349686968320,通里为主穴,,,1,否
i631619784278011904,上肢 - 外侧肌群,,,1,否
i631619784823271424,下肢 -膝以上后侧肌,,,1,否
i631619955355283456,示功,,,1,否
i631619959906103296,囊壁边缘,,,1,否
i631620146229669888,锥体交叉区,,,1,否
i631620148444262400,阳池次,,,1,否
i631620148490399744,阳陵次,,,1,否
i631620148532342784,风市次,,,1,否
i631620148557508608,解溪次,,,1,否
i631620148578480128,华陀夹脊所分布的竖脊肌分布区,EX-B2,jiaji,1,是
i631620355949064192,新心俞穴,,,1,否
i631620358390149120,咧穴,,,1,否
i631620358411120640,旁承浆,,,1,否
i631620358432092160,笑穴,,,1,否
i631620358947991552,痛经穴,,,1,否
i631619965434195968,相应两侧夹脊,EX-B2,jiaji,1,是
i631619971088117760,中/段,,,1,否
i631620158300876800,次器,,,1,否
i631620168102965248,悬钟双侧,,,1,否
i631620367869276160,臑上,,,1,否
i631620371686092800,率谷透天冲,,,1,否
i631619801327857664,合脊,,,1,否
i631619805803180032,跳跃,,,1,否
i631619806193250304,利尿穴,,,1,否
i631619806579126272,受伤部位肢体相对应的位置,,,1,否
i631619983889133568,L2～L5 的夹脊穴,EX-B2,jiaji,1,是
i631620168799219712,北辰穴,,,1,否
i631620171617792000,肾脊,,,1,否
i631620171701678080,损害疼痛区域的压痛点群,,,1,否
i631620173291319296,李氏八荒穴,,,1,否
i631620179427586048,竖脊肌外缘,,,1,否
i631620379894345728,下巨虚穴,ST39,,1,是
i631620381056167936,腰部膀胱经第一侧线穴透刺同水平线腰夹脊,EX-B2,jiaji,1,是
i631620382876495872,孺俞,,,1,否
i631619992533594112,下肢肌肉运动点,,,1,否
i631620187937828864,膀胱经第一,,,1,否
i631620187962994688,二侧线腧穴,,,1,否
i631620399536271360,箕 门次,,,1,否
i631620399557242880,五枢次,,,1,否
i631620399607574528,府舍次,,,1,否
i631620400295440384,腰宜次,,,1,否
i631620400316411904,健跨次,,,1,否
i631620400920391680,承山外,,,1,否
i631620400945557504,承山内,,,1,否
i631620400966529024,合阳内,,,1,否
i631620400991694848,承扶次,,,1,否
i631620401012666368,直立次,,,1,否
i631620401033637888,殷上次,,,1,否
i631620401683755008,维道次,,,1,否
i631620401700532224,气冲次,,,1,否
i631620401742475264,髀关次,,,1,否
i631619823960322048,上肢取肩贞,,,1,否
i631619823985487872,下肢取环跳,,,1,否
i631619828884434944,前臂后旋结点,,,1,否
i631619998229458944,维胞,,,1,否
i631619999345143808,下大迎,,,1,否
i631619999777157120,阳池透阳谷,,,1,否
i631619999798128640,阳池透阳溪,,,1,否
i631620411775250432,胰点,,,1,否
i631620418024763392,凤池,,,1,否
i631619836123803648,止呃穴,,,1,否
i631619842562060288,大骨空,EX-UE5,,1,是
i631619842587226112,小骨空,EX-UE6,,1,是
i631620013056323584,阳 陵泉,,,1,否
i631620014356557824,眼外肌穴,,,1,否
i631620018911571968,四会,,,1,否
i631620020065005568,顶后穴,,,1,否
i631620020106948608,顶右穴,,,1,否
i631620207634280448,大椎项根穴,,,1,否
i631620210004062208,皮损区,,,1,否
i631620422965653504,腰突该穴下方旁开mm内处,,,1,否
i631620425729699840,Ｃ～夹脊,EX-B2,jiaji,1,是
i631619846357905408,言 语3区,,,1,否
i631619846651506688,言语2区,,,1,否
i631619846974468096,运动区下2/5,,,1,否
i631619855472128000,颊车透承浆,,,1,否
i631619855505682432,地仓透迎香,,,1,否
i631619855530848256,颧髎或太阳透下关,,,1,否
i631619855556014080,四白或攒竹透睛明,,,1,否
i631619855610540032,复溜透跗阳,,,1,否
i631619856399069184,“三维一体”针,,,1,否
i631620027484729344,皮损局部,,,1,否
i631620033121873920,髎膝间,,,1,否
i631620033142845440,血海次,,,1,否
i631620033230925824,膑外下,,,1,否
i631620033386115072,陵后次,,,1,否
i631620218895986688,足阳关,,,1,否
i631620223950123008,定神,,,1,否
i631620229616627712,心（耳穴）,Ear-Acupoint,auricular,1,是
i631620229658570752,肝（耳穴）,Ear-Acupoint,auricular,1,是
i631620229696319488,垂前,,,1,否
i631620229717291008,耳背心,Ear-Acupoint,auricular,1,是
i631620230694563840,骨会,,,1,否
i631620230740701184,髓会,,,1,否
i631622936553320448,廉泉旁开一寸,,,1,否
i631622940613406720,损伤侧副韧带循行方向,,,1,否
i631622942169493504,胃五针,,,1,否
i631622942203047936,腹四针,,,1,否
i631623332499812352,期：双侧三阴交,,,1,否
i631623332550144000,关元穴期：健侧足三里,,,1,否
i631623332592087040,合谷及曲池,,,1,否
i631623332638224384,取患侧太冲,,,1,否
i631623332772442112,伏兔穴,ST32,,1,是
i631623332826968064,曲池及肩髑穴,,,1,否
i631623332873105408,取头顶期：患侧腰阳关穴,,,1,否
i631623332956991488,天泉穴,PC2,,1,是
i631623333057654784,殷门穴,BL37,,1,是
i631623333225426944,"大陵穴
百会穴",,,1,否
i631623333271564288,取腰阳关穴,,,1,否
i631623338145345536,肾盂,,,1,否
i631623341572091904,"夹脊及
足太阳膀胱经",EX-B2,jiaji,1,是
i631623346689142784,肩俞,,,1,否
i631623353421000704,胰俞,,,1,否
i631623358236061696,腰椎穴,,,1,否
i631623358626131968,咳嗽穴,,,1,否
i631622943847215104,枕三针,,,1,否
i631622943910129664,耳后沟,,,1,否
i631622948821659648,神经根,,,1,否
i631622954353946624,顶颞前斜线中/,,,1,否
i631622954806931456,语泉,,,1,否
i631623361721528320,少阳经穴位,,,1,否
i631623371917881344,肩胛部刺激点,,,1,否
i631623385008304128,流涎,,,1,否
i631622975459684352,百会至前顶的顶中线,,,1,否
i631622975493238784,前神聪至悬厘的顶颞前斜线,,,1,否
i631623194645622784,大肠募穴,,,1,否
i631623226643968000,调运三针,,,1,否
i631623226706882560,调颤三针,,,1,否
i631623257019117568,脾经穴位,,,1,否
i631623257082032128,胃经穴位,,,1,否
i631623257132363776,肾经穴位,,,1,否
i631623257182695424,三焦经穴位,,,1,否
i631623257233027072,眼周穴位,,,1,否
i631622983948955648,情感区,,,1,否
i631622989581905920,喙突处,,,1,否
i631622993390333952,四肢经穴,,,1,否
i631622995655258112,脑穴,,,1,否
i631623001053327360,挛三针,,,1,否
i631623258055110656,前额穴,,,1,否
i631623258189328384,命脉心穴,,,1,否
i631623263990050816,颊,,,1,否
i631623283187380224,双侧上风湿点,,,1,否
i631623283271266304,双侧下风湿点,,,1,否
i631623283350958080,双侧上风湿外点,,,1,否
i631623004559765504,手足十二针,,,1,否
i631623006443008000,赤医穴,,,1,否
i631623009395798016,陵泉,,,1,否
i631623012818350080,内,,,1,否
i631623289860517888,胸,,,1,否
i631623060373368832,血压点,,,1,否
i631623062726373376,乳根穴,ST18,,1,是
i631623082963890176,其深处为侧隐窝,,,1,否
i631623108834357248,病变经筋处有明显压痛的～处穴位,,,1,否
i631623119685021696,C颈夹脊,EX-B2,jiaji,1,是
i631623121744424960,督脉旁开．寸,,,1,否
i631623121878642688,左侧大脑半球顶颞前斜线下/及颞前线,,,1,否
i631623128237207552,顶颞叶,,,1,否
i631623128300122112,顶旁线及顶旁线选取左右各个穴位,,,1,否
i631623173946732544,耳针食道,,,1,否
i631623173997064192,耳穴贲门,Ear-Acupoint,auricular,1,是
i631623290032484352,骶两侧的夹脊,EX-B2,jiaji,1,是
i631623293522145280,膝内侧压痛点,,,1,否
i631623313508003840,扁桃体,,,1,否
i631623319182897152,肩中俞穴,SI15,,1,是
i631623319233228800,肩外俞穴,SI14,,1,是
i631623319380029440,秉风穴,SI12,,1,是
i631623319891734528,下风湿内点,,,1,否
i631622512601460736,太冲学,,,1,否
i631621845593878528,足三凰,,,1,否
i631622216210968576,中白,,,1,否
i631622216324214784,水曲,,,1,否
i631622550304059392,颧锯,,,1,否
i631622552866779136,命门、肾俞,,,1,否
i631622845159436288,在棘突线上定棘突间隙为治疗点,,,1,否
i631622845197185024,重点在L-L,,,1,否
i631622845239128064,L-L,,,1,否
i631622845276876800,L-S间隙,,,1,否
i631622845314625536,关节突线上定治疗点,,,1,否
i631622845352374272,横突线上定治疗点,,,1,否
i631622845394317312,重点在L,,,1,否
i631622845432066048,L横突尖部,,,1,否
i631622845469814784,在臀部触诊,,,1,否
i631622845503369216,有结节,,,1,否
i631622845541117952,条索,,,1,否
i631622845574672384,敏感痛点作为治疗点,,,1,否
i631622849232105472,悬中,,,1,否
i631622851035656192,脑红经,,,1,否
i631622851069210624,脑黑经,,,1,否
i631621866364071936,脊椎九宫穴,,,1,否
i631621866909331456,视区,,,1,否
i631621868276674560,足五金,,,1,否
i631621868314423296,足千金,,,1,否
i631622234166784000,腕痛穴,,,1,否
i631622234221309952,臂痛穴,,,1,否
i631622562069082112,患侧足运感区,GS-LF1,,1,是
i631622562228465664,病变相应神经节段夹脊,EX-B2,jiaji,1,是
i631622562262020096,以PHN患者描述部位为中心,,,1,否
i631622562299768832,标记最小治疗区线,,,1,否
i631622567546843136,耳针脑干,,,1,否
i631622862825844736,大椎穴局部压痛点,,,1,否
i631622865254346752,痉挛位置拮抗肌侧经穴,,,1,否
i631622868735619072,以腰椎间盘突出节段及上,,,1,否
i631622868777562112,下一节段两侧华佗夹脊为主,EX-B2,jiaji,1,是
i631622868815310848,太阳经加委中,,,1,否
i631622868853059584,少阳经加阳陵泉,,,1,否
i631622868886614016,太阳和少阳合病加环跳,,,1,否
i631622868924362752,血癖配血海,,,1,否
i631622868962111488,寒湿配足三里,,,1,否
i631622868999860224,湿热配丰隆,,,1,否
i631622869037608960,肾虚配太溪,,,1,否
i631622870044241920,L～L的夹脊,EX-B2,jiaji,1,是
i631622876448944128,右侧运动区下/处,,,1,否
i631621894503657472,三阳交穴,,,1,否
i631621918113394688,肠穴,,,1,否
i631621918163726336,结肠穴,,,1,否
i631621918222446592,下顺赫依穴,,,1,否
i631621922634854400,肩内陵透天府,,,1,否
i631621922731323392,肩外陵透肩贞,,,1,否
i631621922773266432,肩七针,,,1,否
i631622256178491392,牵地,,,1,否
i631622256367235072,新扶突,,,1,否
i631622582591811584,L-L腰部夹脊,EX-B2,jiaji,1,是
i631622886540439552,颤中穴,,,1,否
i631622890374033408,安眠一穴,,,1,否
i631622890415976448,安眠二穴,,,1,否
i631621935519756288,扶兔,,,1,否
i631621945611251712,腓间,,,1,否
i631621946068430848,髌内上,,,1,否
i631621949356765184,肩中前,,,1,否
i631622268006428672,曲陵,,,1,否
i631622594725933056,上泉,,,1,否
i631622594759487488,中泉,EX-UE3,,1,是
i631622594793041920,下泉,,,1,否
i631622594830790656,足一重,,,1,否
i631622594860150784,足二重,,,1,否
i631622595275386880,新明穴,,,1,否
i631622598874099712,悬颅透率谷,,,1,否
i631622600488906752,丘墟透申脉,,,1,否
i631622901048537088,肾俞风市,,,1,否
i631622906417246208,肩康,,,1,否
i631621972819701760,肩骸,,,1,否
i631621972949725184,环跳丫委中,,,1,否
i631621986497327104,肾前位,,,1,否
i631621986539270144,大肠前位,,,1,否
i631621996135837696,舌头,,,1,否
i631621996177780736,鼻子,,,1,否
i631622000883789824,列缺穴,LU7,,1,是
i631622291188346880,痣俞,,,1,否
i631622291641331712,降压沟,,,1,否
i631622617375174656,肺病穴,,,1,否
i631622008102187008,阳池穴,TE4,,1,是
i631622298901671936,大陵次,,,1,否
i631622298931032064,鱼际次,,,1,否
i631622298968780800,肩痛点次,,,1,否
i631622299031695360,肩髃次,,,1,否
i631622299061055488,肩髎次,,,1,否
i631622299174301696,肩内陵次,,,1,否
i631622306451419136,屈肌侧掌长肌运动点,,,1,否
i631622306484973568,拇内收肌肌肉运动点,,,1,否
i631622310154989568,骨折中心,,,1,否
i631622633665851392,中渚穴,TE3,,1,是
i631622633703600128,瘛脉,,,1,否
i631622641257541632,四门,,,1,否
i631622642239008768,甲状腺局部针刺点,,,1,否
i631621568425881600,从鼻根点至枕外隆凸连线后／点,,,1,否
i631621575841411072,新环跳,,,1,否
i631621576931930112,运动区上/或/,,,1,否
i631621576973873152,大脑感觉区上/或/,,,1,否
i631621589686808576,王氏夹脊,EX-B2,jiaji,1,是
i631621590194319360,脐针,,,1,否
i631621594682224640,肩锅,,,1,否
i631622032265572352,肩髃与臂臑穴连线上,,,1,否
i631622032294932480,臑会穴与天井穴连线上,,,1,否
i631622032324292608,曲池与手三里穴连线上,,,1,否
i631622032357847040,四渎穴与外关穴连线上,,,1,否
i631622032387207168,承扶穴与殷门穴连线上,,,1,否
i631622032420761600,合阳穴与承山穴连线上,,,1,否
i631622034622771200,中竹,,,1,否
i631622321601245184,承浆以及健侧合谷,,,1,否
i631622329318764544,内八邪,,,1,否
i631622329847246848,纠内翻昆仑上 2 寸,,,1,否
i631622647695798272,咽穴,,,1,否
i631622649339965440,耳穴对应区域,Ear-Acupoint,auricular,1,是
i631622649524514816,病变关节局部穴位,,,1,否
i631622659024613376,髋穴,,,1,否
i631622659058167808,压痛最明显的疼痛点,,,1,否
i631622661780271104,踝点,,,1,否
i631621606661156864,灶侧的运动区,,,1,否
i631621613749530624,头临泣透正营,,,1,否
i631621618736558080,腰部和肩部压痛点,,,1,否
i631622045381160960,屈踝结点,,,1,否
i631622338206494720,患处,,,1,否
i631622346012094464,舌面散在点刺,,,1,否
i631622349833105408,方氏经验穴,,,1,否
i631622349866659840,电针,,,1,否
i631622664644980736,玄膺,,,1,否
i631622668344356864,五脏背命穴,,,1,否
i631622070723145728,龟尾,,,1,否
i631622369311453184,颧骨,,,1,否
i631622369940598784,四花中穴,,,1,否
i631622691341725696,气瘘,,,1,否
i631622696626548736,患侧L/及L/S椎间隙旁开寸及寸,,,1,否
i631622696655908864,陵下穴,,,1,否
i631621657449984000,腔镜所见骨折明显部位,,,1,否
i631622078956564480,以头穴顶颞前斜线前神聪穴至悬厘穴连线为主穴,,,1,否
i631622081259237376,对侧运动区下点,,,1,否
i631622091283623936,辨证取穴,,,1,否
i631622380459913216,第五掌骨尺侧从掌骨体向掌骨头推移至膨大处,,,1,否
i631622380497661952,即掌骨头与掌骨体交汇凹陷处定点,,,1,否
i631622380531216384,第五与第四掌骨之间,,,1,否
i631622380564770816,第五掌骨远端头体交汇凹陷处定点,,,1,否
i631622380598325248,肘关节屈曲°旋前至最大限度,,,1,否
i631622380631879680,桡骨头与尺骨头连线近三分之一与远端三分之二交汇处定点,,,1,否
i631622380665434112,待肘关节伸直后在定为治疗点,,,1,否
i631622383811162112,远道,,,1,否
i631622390635294720,顶旁一线,,,1,否
i631622390668849152,顶上正中线,,,1,否
i631622703895277568,胃穴,,,1,否
i631622709289152512,其门,,,1,否
i631622709318512640,其角,,,1,否
i631622709356261376,其正,,,1,否
i631622710660689920,通乳,,,1,否
i631622714594947072,旋中,,,1,否
i631622714804662272,火腑海穴,,,1,否
i631621679633657856,二腹肌前腹运动点,,,1,否
i631621683047821312,阿拉坦巴根,,,1,否
i631621691079913472,十宣穴,EX-UE11,,1,是
i631621698935844864,语门,,,1,否
i631621699380441088,膑尖,,,1,否
i631621701666336768,命门及太溪  双 侧,,,1,否
i631622098539769856,网球肘穴,,,1,否
i631622406284242944,血汗,,,1,否
i631622730877235200,运动前区,,,1,否
i631622733783887872,膝上穴,,,1,否
i631622740536717312,内关透郄门,,,1,否
i631621709144780800,头针晕听区,,,1,否
i631621712626053120,言语二区、三 区,,,1,否
i631621728895758336,昆合,,,1,否
i631622111521140736,剑突穴,,,1,否
i631622111550500864,痞穴,,,1,否
i631622111579860992,降火穴,,,1,否
i631622115400871936,患侧腰椎棘突旁在突出节段椎体的上一椎体棘突上缘病侧距离中线．cm处开始取穴,,,1,否
i631622115430232064,向下至病变椎间盘下一个椎体棘突下缘之间每间隔．cm取穴一个,,,1,否
i631622115463786496,髂骨翼中点至髂后上棘做弧形连线上每间隔．cm取穴～个,,,1,否
i631622115493146624,向外侧cm做相同弧形取穴～个,,,1,否
i631622122560548864,提脱,,,1,否
i631622421681532928,内踝尖,EX-LE8,,1,是
i631622421970939904,三里穴,,,1,否
i631622422008688640,曲膝,,,1,否
i631622427834576896,神庭透囟会,,,1,否
i631622428316921856,颈穴,,,1,否
i631622428417585152,肺心穴,,,1,否
i631622428476305408,腿穴,,,1,否
i631622430506348544,外展经筋结点,,,1,否
i631622430569263104,伸腕仲指经筋结点,,,1,否
i631622432137932800,肩耦,,,1,否
i631622755715903488,臑腧,,,1,否
i631622127312695296,两侧肩胛骨内侧缘压痛点,,,1,否
i631622127342055424,条索状结节处,,,1,否
i631622127375609856,足太阳膀胱经第,,,1,否
i631622127404969984,侧线,,,1,否
i631622132601712640,条索状结节,,,1,否
i631622133000171520,急救穴,,,1,否
i631622440912416768,头部运动区下点,,,1,否
i631622773436837888,鼻丘,,,1,否
i631622773671718912,病变侧风池,,,1,否
i631622780252581888,百会透后顶,,,1,否
i631621765243596800,相应疼痛节段的夹脊,EX-B2,jiaji,1,是
i631622146480664576,腘窝正中,,,1,否
i631622146514219008,腘斜韧带上,,,1,否
i631622146543579136,腓侧副韧带的中点,,,1,否
i631622146572939264,胫侧副韧带的中点,,,1,否
i631622146602299392,髌骨下缘,,,1,否
i631622146635853824,髌韧带的中点,,,1,否
i631622455844139008,局部肌肉筋节点,,,1,否
i631622455881887744,腰夹脊穴,EX-B2,jiaji,1,是
i631622455911247872,八醪穴,,,1,否
i631622460910858240,灵谷,,,1,否
i631622460944412672,间谷,,,1,否
i631622793749852160,筋结点相对应的口腔外侧,,,1,否
i631622798069985280,太迎,,,1,否
i631622164960768000,腓后点,,,1,否
i631622168723058688,丘脑,,,1,否
i631622168752418816,垂体,,,1,否
i631622168785973248,松果,,,1,否
i631622168823721984,肾腺-,,,1,否
i631622168861470720,二阴,,,1,否
i631622171046703104,颈二夹脊,EX-B2,jiaji,1,是
i631622177161998336,新扶突穴,,,1,否
i631622475121160192,盖沟,,,1,否
i631622475960020992,健侧小节穴,,,1,否
i631622475993575424,健侧踝痛穴,,,1,否
i631622481458753536,耳穴的坐骨神经穴,Ear-Acupoint,auricular,1,是
i631622482213728256,乳八穴,,,1,否
i631622484638035968,肩处拮抗肌,,,1,否
i631622484675784704,腕处拮抗肌,,,1,否
i631622484709339136,肘处拮抗肌,,,1,否
i631622484860334080,顶穴,,,1,否
i631622485581754368,双侧舞蹈震颤区,,,1,否
i631622812087349248,病灶侧的百会穴至曲鬓穴的连线上,,,1,否
i631622812259315712,无,,,1,否
i631622818869538816,对侧臀痛穴,,,1,否
i631621818091827200,哑 门,,,1,否
i631621822118359040,L-夹脊,EX-B2,jiaji,1,是
i631621830565687296,足远感区,,,1,否
i631622185760321536,四风,,,1,否
i631622185793875968,关池,,,1,否
i631622188411121664,胆区,,,1,否
i631622188583088128,膀胱区,,,1,否
i631622497095118848,上廉泉左右旁开各寸,,,1,否
i631622503004893184,胫总神经,,,1,否
i631622505244651520,荥穴,,,1,否
i631622508482654208,颈夹脊旁开寸,EX-B2,jiaji,1,是
